product_handle,product_title_ko,variant_title_ko,sku,price_krw,aud_raw,aud_final,rule,band
gx-re-life,GX Re:LIFE,GX / 그레이,RG20HDA2KK-4D1BWW,286000,289.15,299,x99,$100+
gx-re-life,GX Re:LIFE,GX / 블랙,RG20HDA2KK-4D6BK,286000,289.15,299,x99,$100+
gx-re-life,GX Re:LIFE,GX / 카멜레온그레이,RG20HDA2KK-CN9WW,286000,289.15,299,x99,$100+
gx-re-life,GX Re:LIFE,GX / 카멜레온블랙,RG20HDA2KK-CN9BK,286000,289.15,299,x99,$100+
t50-air-2-cover,T50 AIR 2세대 좌판 커버,카본블랙,T53C0KK-5F6A,35000,35.38,39,x9,under $100
t50-air-2-cover,T50 AIR 2세대 좌판 커버,애쉬화이트,T53C0KK-5F1,35000,35.38,39,x9,under $100
t50-air-2-cover,T50 AIR 2세대 좌판 커버,미네랄그레이,T53C0KK-5F1B,35000,35.38,39,x9,under $100
t50-air-2,T50 AIR 2세대,화이트 / 애쉬화이트,T53HLDA0KK-5H1WW,434000,438.77,499,x99,$100+
t50-air-2,T50 AIR 2세대,블랙 / 카본블랙,T53HLDA0KK-5H6BBK,434000,438.77,499,x99,$100+
t50-air-2,T50 AIR 2세대,웜그레이 / 미네랄그레이,T53HLDA0KK-5H1CG,434000,438.77,499,x99,$100+
t50-2,T50 2세대,화이트 / 애쉬화이트,T51HLDA0KK-5F1WW,419000,423.61,499,x99,$100+
t50-2,T50 2세대,블랙 / 카본블랙,T51HLDA0KK-5F6ABK,419000,423.61,499,x99,$100+
t50-2,T50 2세대,웜그레이 / 미네랄그레이,T51HLDA0KK-5F1BG,419000,423.61,499,x99,$100+
t90-re-life,T90 Re:LIFE,더블라셀 / 그레이,RT90HLDA2KK-4B1LMN,805000,813.86,899,x99,$100+
t90-re-life,T90 Re:LIFE,더블라셀 / 블랙,RT90HLDA2KK-4B6BKM,805000,813.86,899,x99,$100+
t90-re-life,T90 Re:LIFE,아쿠아텍스 패브릭 / 크림베이지,RT90HLDA2KK-9I2MNI,840000,849.24,899,x99,$100+
t90-re-life,T90 Re:LIFE,아쿠아텍스 패브릭 / 그린블랙,RT90HLDA2KK-9I7BKM,840000,849.24,899,x99,$100+
t90-re-life,T90 Re:LIFE,천연가죽 / 쉐도우그레이,RT90HLDA2KK-L941AC,1015000,1026.16,1099,x99,$100+
t90-re-life,T90 Re:LIFE,천연가죽 / 탠브라운,RT90HLDA2KK-L945AC,1015000,1026.16,1099,x99,$100+
t90-re-life,T90 Re:LIFE,천연가죽 리미티드 팔레트 / 드라이로즈,RT90HLDA2KK-L738AC,1015000,1026.16,1099,x99,$100+
t90-re-life,T90 Re:LIFE,천연가죽 리미티드 팔레트 / 데이지옐로우,RT90HLDA2KK-L735LC,1015000,1026.16,1099,x99,$100+
t90-re-life,T90 Re:LIFE,천연가죽 리미티드 팔레트 / 틸블루,RT90HLDA2KK-L734CR,1015000,1026.16,1099,x99,$100+
t90-re-life,T90 Re:LIFE,천연가죽 리미티드 팔레트 / 딥네이비,RT90HLDA2KK-L734AC,1015000,1026.16,1099,x99,$100+
gx-헤드레스트,GX 헤드레스트,화이트,G20H0KK-4D1BWW,33000,33.36,39,x9,under $100
gx-헤드레스트,GX 헤드레스트,블랙,G20H0KK-4D6BK,33000,33.36,39,x9,under $100
gx-헤드레스트,GX 헤드레스트,카멜레온화이트,G20H0KK-CN9WW,33000,33.36,39,x9,under $100
gx-헤드레스트,GX 헤드레스트,카멜레온블랙,G20H0KK-CN9BK,33000,33.36,39,x9,under $100
gx-옷걸이,GX 옷걸이,화이트,G20X0KK-WW,14000,14.15,19,x9,under $100
gx-옷걸이,GX 옷걸이,블랙,G20X0KK-BK,14000,14.15,19,x9,under $100
t50-hf-re-life,T50 HF Re:LIFE,웜그레이,RVTNE500HF-451M,209000,211.3,299,x99,$100+
t50-hf-re-life,T50 HF Re:LIFE,차콜,RVTNE500HF-456,209000,211.3,299,x99,$100+
t50-hf-re-life,T50 HF Re:LIFE,딥그린,RVTNE500HF-457B,209000,211.3,299,x99,$100+
ible-아이블-re-life,아이블 Re:LIFE,아이블 / 화이트 / 웜그레이,RS60FEGU0KK-451MWW,139000,140.53,199,x99,$100+
ible-아이블-re-life,아이블 Re:LIFE,아이블 / 화이트 / 샌드베이지,RS60FEGU0KK-452NWW,139000,140.53,199,x99,$100+
ible-아이블-re-life,아이블 Re:LIFE,아이블 / 블랙 / 차콜,RS60FEGU0KK-456BK,139000,140.53,199,x99,$100+
ible-아이블-re-life,아이블 Re:LIFE,아이블 높이조절형 / 화이트 / 웜그레이,RS60SFU0KK-451MWW,146000,147.61,199,x99,$100+
ible-아이블-re-life,아이블 Re:LIFE,아이블 높이조절형 / 화이트 / 샌드베이지,RS60SFU0KK-452NWW,146000,147.61,199,x99,$100+
ible-아이블-re-life,아이블 Re:LIFE,아이블 높이조절형 / 블랙 / 차콜,RS60SFU0KK-456BK,146000,147.61,199,x99,$100+
oui,OUI 위 아일랜드 식탁의자,550mm/네이키드 / 화이트 / 우드,M171EZ-BW,159000,160.75,199,x99,$100+
oui,OUI 위 아일랜드 식탁의자,680mm/네이키드 / 화이트 / 우드,M174E-BW,159000,160.75,199,x99,$100+
oui,OUI 위 아일랜드 식탁의자,550mm/네이키드 / 블랙 / 우드,MN171EZ-BW,159000,160.75,199,x99,$100+
oui,OUI 위 아일랜드 식탁의자,680mm/네이키드 / 블랙 / 우드,MN174E-BW,159000,160.75,199,x99,$100+
oui,OUI 위 아일랜드 식탁의자,550mm/패브릭 / 화이트 / 그레이,M171EZ-371LBW,169000,170.86,199,x99,$100+
oui,OUI 위 아일랜드 식탁의자,550mm/패브릭 / 화이트 / 베이지,M171EZ-452BW,169000,170.86,199,x99,$100+
oui,OUI 위 아일랜드 식탁의자,550mm/패브릭 / 블랙 / 그레이,MN171EZ-371LBW,169000,170.86,199,x99,$100+
oui,OUI 위 아일랜드 식탁의자,550mm/패브릭 / 블랙 / 베이지,MN171EZ-452BW,169000,170.86,199,x99,$100+
oui,OUI 위 아일랜드 식탁의자,680mm/패브릭 / 화이트 / 그레이,M174E-371LBW,169000,170.86,199,x99,$100+
oui,OUI 위 아일랜드 식탁의자,680mm/패브릭 / 화이트 / 베이지,M174E-452BW,169000,170.86,199,x99,$100+
oui,OUI 위 아일랜드 식탁의자,680mm/패브릭 / 블랙 / 그레이,MN174E-371LBW,169000,170.86,199,x99,$100+
oui,OUI 위 아일랜드 식탁의자,680mm/패브릭 / 블랙 / 베이지,MN174E-452BW,169000,170.86,199,x99,$100+
plit-cover,PLIT 플릿 좌판 커버,베이지,N10C0KK-5F2,23000,23.25,29,x9,under $100
plit-cover,PLIT 플릿 좌판 커버,더스티그레이,N10C0KK-5F1,23000,23.25,29,x9,under $100
plit,PLIT 플릿 식탁의자,베이지,N10E0KK-5F2BG,105000,106.16,199,x99,$100+
plit,PLIT 플릿 식탁의자,화이트,N10E0KK-5F1WW,105000,106.16,199,x99,$100+
t50-hlda-re-life,T50 HLDA Re:LIFE,화이트 / 웜그레이,RT50HLDA0VK-451MWW,286000,289.15,299,x99,$100+
t50-hlda-re-life,T50 HLDA Re:LIFE,화이트 / 딥그린,RT50HLDA0VK-457BWW,286000,289.15,299,x99,$100+
t50-hlda-re-life,T50 HLDA Re:LIFE,화이트 / 아이보리,RT50HLDA0VK-452MWW,286000,289.15,299,x99,$100+
t50-hlda-re-life,T50 HLDA Re:LIFE,화이트 / 코랄,RT50HLDA0VK-458DWW,286000,289.15,299,x99,$100+
t50-hlda-re-life,T50 HLDA Re:LIFE,블랙 / 웜그레이,RT50HLDA0VK-451MBK,286000,289.15,299,x99,$100+
t50-hlda-re-life,T50 HLDA Re:LIFE,블랙 / 차콜,RT50HLDA0VK-456BK,286000,289.15,299,x99,$100+
t50-hlda-re-life,T50 HLDA Re:LIFE,블랙 / 딥그린,RT50HLDA0VK-457BBK,286000,289.15,299,x99,$100+
t60-air-re-life,T60 AIR Re:LIFE,그레이 / 그레이,RT61HLDAM0KK-5H1ASG,353000,356.88,399,x99,$100+
t60-air-re-life,T60 AIR Re:LIFE,화이트 / 라이트그레이,RT61HLDAM0KK-5H1WW,353000,356.88,399,x99,$100+
t60-air-re-life,T60 AIR Re:LIFE,차콜 / 차콜,RT61HLDAM0KK-5H1BIG,353000,356.88,399,x99,$100+
t60-re-life,T60 Re:LIFE,화이트 / 라이트그레이,RT61HLDAM0KK-5G1BWW,342000,345.76,399,x99,$100+
t60-re-life,T60 Re:LIFE,그레이 / 그레이,RT61HLDAM0KK-5G1CSG,342000,345.76,399,x99,$100+
t60-re-life,T60 Re:LIFE,차콜 / 차콜,RT61HLDAM0KK-5G1DIG,342000,345.76,399,x99,$100+
t60-lda,T60 LDA,화이트 / 라이트그레이,T61LDAM0KK-5G1BWW,439000,443.83,499,x99,$100+
muuve,MUUVE 뮤브,바퀴 / 더스티그레이,L10SU0KK-5F1G,189000,191.08,199,x99,$100+
muuve,MUUVE 뮤브,바퀴 / 미드그레이,L10SU0KK-5F1ALG,189000,191.08,199,x99,$100+
muuve,MUUVE 뮤브,글라이드 / 더스티그레이,L10SG0KK-5F1G,189000,191.08,199,x99,$100+
muuve,MUUVE 뮤브,글라이드 / 미드그레이,L10SG0KK-5F1ALG,189000,191.08,199,x99,$100+
t80-re-life,T80 Re:LIFE,메쉬/패브릭 / 블랙 / 차콜,RT80HLDA1KK-456BK,482000,487.3,499,x99,$100+
t80-re-life,T80 Re:LIFE,메쉬/패브릭 / 화이트 / 라이트그레이,RT80HLDA1KK-451NWW,482000,487.3,499,x99,$100+
t80-re-life,T80 Re:LIFE,메쉬/천연가죽 / 블랙 / 블랙,RT80HLDA1KK-L846BK,556000,562.12,599,x99,$100+
t80-re-life,T80 Re:LIFE,메쉬/천연가죽 / 화이트 / 크림,RT80HLDA1KK-L841LW,556000,562.12,599,x99,$100+
t80-re-life,T80 Re:LIFE,천연가죽 / 블랙 / 블랙,RT80HLDA1KK-L846CR,601000,607.61,699,x99,$100+
t80-re-life,T80 Re:LIFE,천연가죽 / 화이트 / 크림,RT80HLDA1KK-L841LC,601000,607.61,699,x99,$100+
t60-seat,T60 좌판,화이트 / 라이트 그레이,T61D0KK-5G1BWW,60000,60.66,69,x9,under $100
t60-seat,T60 좌판,그레이 / 그레이,T61D0KK-5G1CSG,60000,60.66,69,x9,under $100
t60-seat,T60 좌판,차콜 / 차콜,T61D0KK-5G1DIG,60000,60.66,69,x9,under $100
t60-t60-air-armpad,T60&T60 AIR 팔걸이 패드,그레이,T61AP0KK-SG,21000,21.23,29,x9,under $100
t60-t60-air-armpad,T60&T60 AIR 팔걸이 패드,차콜,T61AP0KK-IG,21000,21.23,29,x9,under $100
t60-t60-air-headrest,T60&T60 AIR 헤드레스트,화이트 / 라이트 그레이,T61H0KK-5H1WW,37000,37.41,39,x9,under $100
t60-t60-air-headrest,T60&T60 AIR 헤드레스트,그레이 / 그레이,T61H0KK-5H1ASG,37000,37.41,39,x9,under $100
t60-t60-air-headrest,T60&T60 AIR 헤드레스트,차콜 / 차콜,T61H0KK-5H1BIG,37000,37.41,39,x9,under $100
t60-air-seat,T60 AIR 좌판,화이트 / 라이트 그레이,T62D0KK-5H1WW,60000,60.66,69,x9,under $100
t60-air-seat,T60 AIR 좌판,그레이 / 그레이,T62D0KK-5H1ASG,60000,60.66,69,x9,under $100
t60-air-seat,T60 AIR 좌판,차콜 / 차콜,T62D0KK-5H1BIG,60000,60.66,69,x9,under $100
gc-pro-게이밍-의자-re-life,GC PRO Re:LIFE 게이밍 의자,일반형 / 블랙블루,RG10HDA2KK-A446BK,525000,530.77,599,x99,$100+
gc-pro-게이밍-의자-re-life,GC PRO Re:LIFE 게이밍 의자,일반형 / 그레이레드,RG10HDA2KK-A441QW,525000,530.77,599,x99,$100+
gc-pro-게이밍-의자-re-life,GC PRO Re:LIFE 게이밍 의자,쿨링시트 / 블랙블루,RG10HDAW2KK-A446BK,595000,601.54,699,x99,$100+
gc-pro-게이밍-의자-re-life,GC PRO Re:LIFE 게이밍 의자,쿨링시트 / 그레이레드,RG10HDAW2KK-A441QW,595000,601.54,699,x99,$100+
gc-pro-게이밍-의자-re-life,GC PRO Re:LIFE 게이밍 의자,쿨링시트/LED / 블랙블루,RG10HDAWJ2KK-A446BK,665000,672.31,699,x99,$100+
gc-pro-게이밍-의자-re-life,GC PRO Re:LIFE 게이밍 의자,쿨링시트/LED / 그레이레드,RG10HDAWJ2KK-A441QW,665000,672.31,699,x99,$100+
t60-air-cover,T60 AIR 좌판 커버,라이트그레이,T62C0KK-5G1B,35000,35.38,39,x9,under $100
t60-air-cover,T60 AIR 좌판 커버,그레이,T62C0KK-5G1C,35000,35.38,39,x9,under $100
t60-air-cover,T60 AIR 좌판 커버,차콜,T62C0KK-5G1D,35000,35.38,39,x9,under $100
ringo-gen2,RINGO 링고 2세대,그레이쉬베이지,S51ACF1VG-A442BW,199000,201.19,299,x99,$100+
ringo-gen2,RINGO 링고 2세대,그레이쉬그린,S51ACF1VG-A447BW,199000,201.19,299,x99,$100+
ringo-gen2,RINGO 링고 2세대,그레이쉬핑크,S51ACF1VG-A443BW,199000,201.19,299,x99,$100+
ringo-2-footrest,링고 2세대 발받침,화이트,S51K1VG-WW,22000,22.24,29,x9,under $100
t60-t60-air-hanger,T60&T60 AIR 옷걸이,화이트,T61X0KK-WW,16000,16.18,19,x9,under $100
t60-t60-air-hanger,T60&T60 AIR 옷걸이,그레이,T61X0KK-SG,16000,16.18,19,x9,under $100
t60-t60-air-hanger,T60&T60 AIR 옷걸이,차콜,T61X0KK-IG,16000,16.18,19,x9,under $100
tottenham-t20,시디즈X토트넘 홋스퍼 T20,코커렐,T21HF2VG-TOT1,259000,261.85,299,x99,$100+
t50-1-headrest,T50&T50 AIR 1세대 헤드레스트,블랙,T50H1VG-BK,33000,33.36,39,x9,under $100
t50-1-headrest,T50&T50 AIR 1세대 헤드레스트,화이트,T50H1VG-WW,33000,33.36,39,x9,under $100
the-p-bag,더 프로그레시브 백,실버,PACBAG2507-XX,15000,15.16,19,x9,under $100
multispray-infinity,멀티 스프레이 150ml - INFINITY,INFINITY,PACSPRAY-INFINI,29000,29.32,39,x9,under $100
ringo-2-seat,링고 2세대 좌판,그레이쉬베이지,S51D0VG-A442B,37000,37.41,39,x9,under $100
ringo-2-seat,링고 2세대 좌판,그레이쉬핑크,S51D0VG-A443B,37000,37.41,39,x9,under $100
ringo-2-seat,링고 2세대 좌판,그레이쉬그린,S51D0VG-A447B,37000,37.41,39,x9,under $100
ringo-2-back,링고 2세대 등판,그레이쉬베이지,S51N0VG-A442B,32000,32.35,39,x9,under $100
ringo-2-back,링고 2세대 등판,그레이쉬핑크,S51N0VG-A443B,32000,32.35,39,x9,under $100
ringo-2-back,링고 2세대 등판,그레이쉬그린,S51N0VG-A447B,32000,32.35,39,x9,under $100
t60-air,T60 AIR,헤드레스트 O / 그레이,T61HLDAM0KK-5H1ASG,484000,489.32,499,x99,$100+
t60-air,T60 AIR,헤드레스트 O / 라이트그레이,T61HLDAM0KK-5H1WW,484000,489.32,499,x99,$100+
t60-air,T60 AIR,헤드레스트 O / 차콜,T61HLDAM0KK-5H1BIG,484000,489.32,499,x99,$100+
t60-air,T60 AIR,헤드레스트 X / 라이트그레이,T62LDAM0KK-5H1WW,429000,433.72,499,x99,$100+
t60,T60,헤드레스트 O / 라이트그레이,T61HLDAM0KK-5G1BWW,469000,474.16,499,x99,$100+
t60,T60,헤드레스트 O / 그레이,T61HLDAM0KK-5G1CSG,469000,474.16,499,x99,$100+
t60,T60,헤드레스트 O / 차콜,T61HLDAM0KK-5G1DIG,469000,474.16,499,x99,$100+
t60,T60,헤드레스트 X / 라이트그레이,T61LDAM0KK-5G1BWW,439000,443.83,499,x99,$100+
pacbag2507q,시디즈 더 프로그레시브 백(벌크),Default Title,PACBAG2507Q-XX,300000,303.3,399,x99,$100+
gx-work,GX,GX / 그레이,G20HDA2KK-4D1BWW,389000,393.28,399,x99,$100+
gx-work,GX,GX / 블랙,G20HDA2KK-4D6BK,389000,393.28,399,x99,$100+
gx-work,GX,GX / 카멜레온그레이,G20HDA2KK-CN9WW,389000,393.28,399,x99,$100+
gx-work,GX,GX / 카멜레온블랙,G20HDA2KK-CN9BK,389000,393.28,399,x99,$100+
t20-2-seat,T20 2세대 좌판,오프화이트,T21D1VG-5G1,50000,50.55,59,x9,under $100
t20-2-seat,T20 2세대 좌판,미드그레이,T21D1VG-5G1C,35000,35.38,39,x9,under $100
t20-2-seat,T20 2세대 좌판,스모크블랙,T21D1VG-5G6,50000,50.55,59,x9,under $100
mane,MANE 마네 식탁의자,인조가죽 / 탠브라운,M071E-A845AC,149000,150.64,199,x99,$100+
mane,MANE 마네 식탁의자,플라스틱 / 코튼블루,MN021E-IBLWW,70000,70.77,79,x9,under $100
mane,MANE 마네 식탁의자,플라스틱 / 민트그린,MN021E-MGNWW,70000,70.77,79,x9,under $100
mane,MANE 마네 식탁의자,플라스틱 / 로즈핑크,MN021E-RPKWW,70000,70.77,79,x9,under $100
mane,MANE 마네 식탁의자,플라스틱 / 스노우화이트,MN021E-WWWWL,70000,70.77,79,x9,under $100
totteham-fungus,시디즈X토트넘 홋스퍼 펑거스,스타디움,MN130YCC4-TOT,99000,100.09,199,x99,$100+
totteham-fungus,시디즈X토트넘 홋스퍼 펑거스,10 MADDISON,MN130YCC4-TOT10M,99000,100.09,199,x99,$100+
totteham-fungus,시디즈X토트넘 홋스퍼 펑거스,1 VICARIO,MN130YCC4-TOT01V,99000,100.09,199,x99,$100+
totteham-fungus,시디즈X토트넘 홋스퍼 펑거스,37 VAN DE VEN,MN130YCC4-TOT37V,99000,100.09,199,x99,$100+
totteham-fungus,시디즈X토트넘 홋스퍼 펑거스,14 GRAY,MN130YCC4-TOT14G,99000,100.09,199,x99,$100+
tottenham-t20-armpad,시디즈X토트넘 홋스퍼 T20 팔걸이 패드,백넘버 / 1 VICARIO,T21AP0CC1-TOT01V,25000,25.27,29,x9,under $100
tottenham-t20-armpad,시디즈X토트넘 홋스퍼 T20 팔걸이 패드,백넘버 / 10 MADDISON,T21AP0CC1-TOT10M,25000,25.27,29,x9,under $100
tottenham-t20-armpad,시디즈X토트넘 홋스퍼 T20 팔걸이 패드,백넘버 / 37 VAN DE VEN,T21AP0CC1-TOT37V,25000,25.27,29,x9,under $100
tottenham-t20-armpad,시디즈X토트넘 홋스퍼 T20 팔걸이 패드,백넘버 / 14 GRAY,T21AP0CC1-TOT14G,25000,25.27,29,x9,under $100
tottenham-t20-armpad,시디즈X토트넘 홋스퍼 T20 팔걸이 패드,코커렐 / 퍼플,T21AP0CC1-TOT3,25000,25.27,29,x9,under $100
tottenham-t20-armpad,시디즈X토트넘 홋스퍼 T20 팔걸이 패드,코커렐 / 옐로우,T21AP0CC1-TOT4,25000,25.27,29,x9,under $100
sidiz_tottenham_olly,[한정 수량 소진]시디즈X토트넘 홋스퍼 올리,스퍼스네이비,PACPCHACC5-TOT1,34900,35.28,39,x9,under $100
sidiz_tottenham_olly,[한정 수량 소진]시디즈X토트넘 홋스퍼 올리,릴리화이트,PACPCHACC5-TOT2,34900,35.28,39,x9,under $100
pillo,PILLO 필로,패브릭 / 다크그레이,M090-831A,99000,100.09,199,x99,$100+
pillo,PILLO 필로,패브릭 / 베이지,M090-832,99000,100.09,199,x99,$100+
pillo,PILLO 필로,패브릭 / 만다린오렌지,M090-838,99000,100.09,199,x99,$100+
pillo,PILLO 필로,패브릭 / 머스타드,M090-838B,99000,100.09,199,x99,$100+
pillo,PILLO 필로,인조가죽 / 다크그레이,M090-A441A,99000,100.09,199,x99,$100+
pillo,PILLO 필로,인조가죽 / 베이지,M090-A442M,99000,100.09,199,x99,$100+
t50hda,T50 HDA,화이트 / 웜그레이,T50HDA0VK-451MWW,359000,362.95,399,x99,$100+
t50hda,T50 HDA,화이트 / 딥그린,TNF500HDA-457B,359000,362.95,399,x99,$100+
t50hda,T50 HDA,화이트 / 아이보리,T50HDA0VK-452MWW,359000,362.95,399,x99,$100+
t50hda,T50 HDA,화이트 / 코랄,TNF500HDA-458D,359000,362.95,399,x99,$100+
t50hda,T50 HDA,블랙 / 웜그레이,T50HDA0KK-451MBK,359000,362.95,399,x99,$100+
t50hda,T50 HDA,블랙 / 차콜,T50HDA0VK-456BK,359000,362.95,399,x99,$100+
t50hda,T50 HDA,블랙 / 딥그린,TNE500HDA-457B,359000,362.95,399,x99,$100+
ringo-2-cover,링고 2세대 등/좌판 패브릭 커버,더스티그레이,S51ND2KG-5F1,31000,31.34,39,x9,under $100
ringo-2-cover,링고 2세대 등/좌판 패브릭 커버,더스티핑크,S51ND2KG-5F3,31000,31.34,39,x9,under $100
ringo-2-cover,링고 2세대 등/좌판 패브릭 커버,더스티그린,S51ND2KG-5F7,31000,31.34,39,x9,under $100
t50-1-adjustable-seat,T50 1세대 조절형 좌판,웜그레이,T50D0VG-451M,45000,45.49,49,x9,under $100
t50-1-adjustable-seat,T50 1세대 조절형 좌판,아이보리,T50D0VG-452M,45000,45.49,49,x9,under $100
t50-1-adjustable-seat,T50 1세대 조절형 좌판,차콜,T50D0VG-456,45000,45.49,49,x9,under $100
t50-1-adjustable-seat,T50 1세대 조절형 좌판,딥그린,T50D0VG-457B,45000,45.49,49,x9,under $100
t50-1-adjustable-seat,T50 1세대 조절형 좌판,코랄,T50D0VG-458D,45000,45.49,49,x9,under $100
t20,T20,화이트 / 오프화이트,T21HF2VG-5G1WW,239000,241.63,299,x99,$100+
t20,T20,화이트 / 미드그레이,T21HF2VG-5G1CWW,239000,241.63,299,x99,$100+
t20,T20,차콜 / 스모크블랙,T21HF2VG-5G6AIG,239000,241.63,299,x99,$100+
t50-1-fixed-armrest,T50&T50 AIR 1세대 팔걸이(고정형),좌 / 블랙,T50FL0VG-BK,20000,20.22,29,x9,under $100
t50-1-fixed-armrest,T50&T50 AIR 1세대 팔걸이(고정형),우 / 블랙,T50FR0VG-BK,20000,20.22,29,x9,under $100
t50air-1-cover,T50 AIR 1세대 좌판 커버,그레이,T529D-451L,32000,32.35,39,x9,under $100
t50air-1-cover,T50 AIR 1세대 좌판 커버,블루,T529D-454B,32000,32.35,39,x9,under $100
t50air-1-cover,T50 AIR 1세대 좌판 커버,차콜,T529D-456,32000,32.35,39,x9,under $100
t50-air,T50 AIR,화이트 / 그레이,T52HLDA0VK-2D1WW,419000,423.61,499,x99,$100+
t50-air,T50 AIR,화이트 / 블루,T52HLDA0VK-2D4WW,419000,423.61,499,x99,$100+
t50-air,T50 AIR,화이트 / 블랙,T52HLDA0VK-2D6WW,419000,423.61,499,x99,$100+
t50-air,T50 AIR,블랙 / 그레이,T52HLDA0VK-2D1BK,419000,423.61,499,x99,$100+
t50-air,T50 AIR,블랙 / 블루,T52HLDA0VK-2D4BK,419000,423.61,499,x99,$100+
t50-air,T50 AIR,블랙 / 블랙,T52HLDA0VK-2D6BK,419000,423.61,499,x99,$100+
t50hf,T50 HF,웜그레이,T50HF0VK-451MBK,309000,312.4,399,x99,$100+
t50hf,T50 HF,차콜,T50HF0VK-456BK,309000,312.4,399,x99,$100+
t50hf,T50 HF,딥그린,T50HF0VK-457BBK,309000,312.4,399,x99,$100+
t50,T50 HLDA 풀옵션,화이트 / 웜그레이,T50HLDA0VK-451MWW,389000,393.28,399,x99,$100+
t50,T50 HLDA 풀옵션,화이트 / 딥그린,T50HLDA0VK-457BWW,389000,393.28,399,x99,$100+
t50,T50 HLDA 풀옵션,화이트 / 아이보리,T50HLDA0VK-452MWW,389000,393.28,399,x99,$100+
t50,T50 HLDA 풀옵션,화이트 / 코랄,T50HLDA0VK-458DWW,389000,393.28,399,x99,$100+
t50,T50 HLDA 풀옵션,블랙 / 웜그레이,T50HLDA0VK-451MBK,389000,393.28,399,x99,$100+
t50,T50 HLDA 풀옵션,블랙 / 차콜,T50HLDA0VK-456BK,389000,393.28,399,x99,$100+
t50,T50 HLDA 풀옵션,블랙 / 딥그린,T50HLDA0VK-457BBK,389000,393.28,399,x99,$100+
sitbreak-caster-b,싯브레이크 바퀴 B형,그레이,S00V1KG-SG50,25000,25.27,29,x9,under $100
urethane-caster-b,우레탄 바퀴 B형,그레이,S00U1KG-SG50,20000,20.22,29,x9,under $100
sitbreak-caster-a,싯브레이크 바퀴 A형,블랙,T00V1KG-BK65,35000,35.38,39,x9,under $100
sitbreak-caster-a,싯브레이크 바퀴 A형,그레이,T00V1KG-SG65,35000,35.38,39,x9,under $100
urethane-caster-a,우레탄 바퀴 A형,블랙,T00U1KG-BK65,28000,28.31,29,x9,under $100
urethane-caster-a,우레탄 바퀴 A형,화이트,T00U1KG-WW65,28000,28.31,29,x9,under $100
trevo-seat,TREVO 트레보 좌판 쿠션 커버,더스티그레이,S40D0KK-5F1,29000,29.32,39,x9,under $100
trevo-seat,TREVO 트레보 좌판 쿠션 커버,더스티핑크,S40D0KK-5F3,29000,29.32,39,x9,under $100
trevo-seat,TREVO 트레보 좌판 쿠션 커버,더스티그린,S40D0KK-5F7,29000,29.32,39,x9,under $100
trevo,TREVO 트레보,화이트,S40DNE0KK-WW,145000,146.59,199,x99,$100+
trevo,TREVO 트레보,더스티핑크,S40DNE0KK-DSP,145000,146.59,199,x99,$100+
trevo,TREVO 트레보,더스티그린,S40DNE0KK-DSG,145000,146.59,199,x99,$100+
glide-b,글라이드 B형,그레이,S00G1KG-SG,17000,17.19,19,x9,under $100
glide-a,글라이드 A형,블랙,T00G1KG-BK,17000,17.19,19,x9,under $100
t50-1-hanger,T50&T50 AIR 1세대 옷걸이,블랙,T509CH-BK,11000,11.12,19,x9,under $100
t50-1-hanger,T50&T50 AIR 1세대 옷걸이,화이트,T509CH-WW,11000,11.12,19,x9,under $100
atti-desk,ATTI 아띠 책상,화이트,K30X1KG-WW,94000,95.03,99,x9,under $100
atti-chair,ATTI 아띠 의자,소이밀크,K30F1KG-A441P,73000,73.8,79,x9,under $100
atti-chair,ATTI 아띠 의자,멜로우피치,K30F1KG-A443S,73000,73.8,79,x9,under $100
atti-chair,ATTI 아띠 의자,세이지민트,K30F1KG-A444D,73000,73.8,79,x9,under $100
button,BUTTON 버튼,높이조절형/글라이드 / 플라스틱 / 블랙,MN803G-BK,165000,166.81,199,x99,$100+
button,BUTTON 버튼,높이조절형/글라이드 / 플라스틱 / 화이트,M803G-WW,165000,166.81,199,x99,$100+
button,BUTTON 버튼,높이조절형/글라이드 / 패브릭 / 화이트/모스그레이,M803G-831,195000,197.14,199,x99,$100+
button,BUTTON 버튼,높이조절형/글라이드 / 패브릭 / 블랙/쿨그레이,MN803G-371,195000,197.14,199,x99,$100+
button,BUTTON 버튼,높이조절형/글라이드 / 패브릭 / 블랙/베이지,MN803G-452,195000,197.14,199,x99,$100+
button,BUTTON 버튼,높이조절형/바퀴 / 플라스틱 / 블랙,MN803Y-BK,169000,170.86,199,x99,$100+
button,BUTTON 버튼,높이조절형/바퀴 / 플라스틱 / 화이트,M803Y-WW,169000,170.86,199,x99,$100+
button,BUTTON 버튼,높이조절형/바퀴 / 패브릭 / 화이트/모스그레이,M803Y-831,199000,201.19,299,x99,$100+
button,BUTTON 버튼,높이조절형/바퀴 / 패브릭 / 블랙/쿨그레이,MN803Y-371,199000,201.19,299,x99,$100+
button,BUTTON 버튼,높이조절형/바퀴 / 패브릭 / 블랙/베이지,MN803Y-452,199000,201.19,299,x99,$100+
button,BUTTON 버튼,4-LEGS형/바퀴 / 플라스틱 / 블랙,MN801EY-BK,149000,150.64,199,x99,$100+
button,BUTTON 버튼,4-LEGS형/바퀴 / 플라스틱 / 화이트,M801EY-WW,149000,150.64,199,x99,$100+
button,BUTTON 버튼,4-LEGS형/바퀴 / 패브릭 / 화이트/모스그레이,M801EY-831,179000,180.97,199,x99,$100+
button,BUTTON 버튼,4-LEGS형/바퀴 / 패브릭 / 블랙/쿨그레이,MN801EY-371,179000,180.97,199,x99,$100+
button,BUTTON 버튼,4-LEGS형/바퀴 / 패브릭 / 블랙/베이지,MN801EY-452,179000,180.97,199,x99,$100+
button,BUTTON 버튼,4-LEGS형/글라이드 / 플라스틱 / 블랙,MN801E-BK,145000,146.59,199,x99,$100+
button,BUTTON 버튼,4-LEGS형/글라이드 / 플라스틱 / 화이트,M801E-WW,145000,146.59,199,x99,$100+
button,BUTTON 버튼,4-LEGS형/글라이드 / 패브릭 / 화이트/모스그레이,M801E-831,175000,176.92,199,x99,$100+
button,BUTTON 버튼,4-LEGS형/글라이드 / 패브릭 / 블랙/쿨그레이,MN801E-371,175000,176.92,199,x99,$100+
button,BUTTON 버튼,4-LEGS형/글라이드 / 패브릭 / 블랙/베이지,MN801E-452,175000,176.92,199,x99,$100+
t55-armpad,T55 팔걸이 패드,블랙,T55AP0KG-BK,17000,17.19,19,x9,under $100
atti-block,아띠 높이 연장 블록,그레이,K30XA0KG-SG,14000,14.15,19,x9,under $100
ringo-1-footrest,링고 1세대 발받침,그레이,S50K0VG-SG,20000,20.22,29,x9,under $100
ringo-1-lever,링고 1세대 높이 조절 레버,그레이,S50X0VG-XX,10000,10.11,19,x9,under $100
t20-1-armrest,T20 1세대 팔걸이,좌 / 블랙,T20FL0VG-BK,19000,19.21,29,x9,under $100
t20-1-armrest,T20 1세대 팔걸이,좌 / 화이트,T20FL0VG-WW,19000,19.21,29,x9,under $100
t20-1-armrest,T20 1세대 팔걸이,우 / 블랙,T20FR0VG-BK,19000,19.21,29,x9,under $100
t20-1-armrest,T20 1세대 팔걸이,우 / 화이트,T20FR0VG-WW,19000,19.21,29,x9,under $100
t50-1-adjustable-armrest,T50&T50 AIR 1세대 팔걸이(조절형),좌 / 블랙,T50AL0VG-BK,28000,28.31,29,x9,under $100
t50-1-adjustable-armrest,T50&T50 AIR 1세대 팔걸이(조절형),좌 / 화이트,T50AL0VG-WW,28000,28.31,29,x9,under $100
t50-1-adjustable-armrest,T50&T50 AIR 1세대 팔걸이(조절형),우 / 블랙,T50AR0VG-BK,28000,28.31,29,x9,under $100
t50-1-adjustable-armrest,T50&T50 AIR 1세대 팔걸이(조절형),우 / 화이트,T50AR0VG-WW,28000,28.31,29,x9,under $100
t80-armpad,T80 팔걸이 패드,블랙,T80AP0KG-BK,22000,22.24,29,x9,under $100
t80-armpad,T80 팔걸이 패드,그레이,T80AP0KG-SG,22000,22.24,29,x9,under $100
t80-seat,T80 좌판,패브릭 / 다크그레이,T80D0KG-451AN,60000,60.66,69,x9,under $100
t80-seat,T80 좌판,패브릭 / 차콜,T80D0KG-456,60000,60.66,69,x9,under $100
t80-seat,T80 좌판,패브릭 / 라이트그레이,T80D0KG-451N,60000,60.66,69,x9,under $100
ringo-1-seat,링고 1세대 좌판,소이밀크,S50D0VG-A441P,35000,35.38,39,x9,under $100
ringo-1-seat,링고 1세대 좌판,로지핑크,S50D0VG-A443Q,35000,35.38,39,x9,under $100
ringo-1-seat,링고 1세대 좌판,라벤더블루,S50D0VG-A444N,35000,35.38,39,x9,under $100
ringo-1-seat,링고 1세대 좌판,그린티그린,VS509D-A447A,30000,30.33,39,x9,under $100
ringo-1-back,링고 1세대 등판,소이밀크,S50N0VG-A441P,22000,22.24,29,x9,under $100
ringo-1-back,링고 1세대 등판,로지핑크,S50N0VG-A443Q,22000,22.24,29,x9,under $100
ringo-1-back,링고 1세대 등판,라벤더블루,S50N0VG-A444N,22000,22.24,29,x9,under $100
ringo-1-back,링고 1세대 등판,그린티그린,VS509N-A447A,20000,20.22,29,x9,under $100
t20-1-headrest,T20 1세대 헤드레스트,블랙,T20H0VG-BK,24000,24.26,29,x9,under $100
t20-1-headrest,T20 1세대 헤드레스트,화이트,T20H0VG-WW,24000,24.26,29,x9,under $100
t80-headrest,T80 헤드레스트,인조가죽 / 블랙,T80H0KG-A096,35000,35.38,39,x9,under $100
molti-chair-leg,몰티 책상의자용 다리,우드,K50X0KG-BW,39000,39.43,49,x9,under $100
molti-inner-seat,몰티 이너시트,그레이,K509N-SG,99000,100.09,199,x99,$100+
fungus,FUNGUS 펑거스,펑거스 / 블랙 / 워터리블루,M130-454,119000,120.31,199,x99,$100+
fungus,FUNGUS 펑거스,펑거스 / 블랙 / 차콜,M130-456,119000,120.31,199,x99,$100+
fungus,FUNGUS 펑거스,펑거스 / 블랙 / 브릭오렌지,M130-458,119000,120.31,199,x99,$100+
fungus,FUNGUS 펑거스,펑거스 / 화이트 / 그레이,MN130-451L,119000,120.31,199,x99,$100+
fungus,FUNGUS 펑거스,펑거스 / 화이트 / 블루,MN130-454B,119000,120.31,199,x99,$100+
fungus,FUNGUS 펑거스,펑거스 / 화이트 / 애쉬그린,MN130-457L,119000,120.31,199,x99,$100+
fungus,FUNGUS 펑거스,펑거스 바퀴형 / 블랙 / 워터리블루,M130Y-454,119000,120.31,199,x99,$100+
fungus,FUNGUS 펑거스,펑거스 바퀴형 / 블랙 / 차콜,M130Y-456,119000,120.31,199,x99,$100+
fungus,FUNGUS 펑거스,펑거스 바퀴형 / 블랙 / 브릭오렌지,M130Y-458,119000,120.31,199,x99,$100+
fungus,FUNGUS 펑거스,펑거스 바퀴형 / 화이트 / 그레이,MN130Y-451L,119000,120.31,199,x99,$100+
fungus,FUNGUS 펑거스,펑거스 바퀴형 / 화이트 / 블루,MN130Y-454B,119000,120.31,199,x99,$100+
fungus,FUNGUS 펑거스,펑거스 바퀴형 / 화이트 / 애쉬그린,MN130Y-457L,119000,120.31,199,x99,$100+
fungus,FUNGUS 펑거스,펑거스 바퀴형(토트넘 에디션) / 화이트 / 스타디움,MN130YCC4-TOT,99000,100.09,199,x99,$100+
fungus,FUNGUS 펑거스,펑거스 바퀴형(토트넘 에디션) / 화이트 / 7 SON,MN130YCC4-TOT07S,99000,100.09,199,x99,$100+
fungus,FUNGUS 펑거스,펑거스 바퀴형(토트넘 에디션) / 화이트 / 10 MADDISON,MN130YCC4-TOT10M,99000,100.09,199,x99,$100+
fungus,FUNGUS 펑거스,펑거스 바퀴형(토트넘 에디션) / 화이트 / 1 VICARIO,MN130YCC4-TOT01V,99000,100.09,199,x99,$100+
fungus,FUNGUS 펑거스,펑거스 바퀴형(토트넘 에디션) / 화이트 / 37 VAN DE VEN,MN130YCC4-TOT37V,99000,100.09,199,x99,$100+
fungus,FUNGUS 펑거스,펑거스 바퀴형(토트넘 에디션) / 화이트 / 14 GRAY,MN130YCC4-TOT14G,99000,100.09,199,x99,$100+
stepo-footrest,STEPO 스테포,스테포 커버형 / 차콜그레이,SB01F1-3D1,72000,72.79,79,x9,under $100
stepo-footrest,STEPO 스테포,스테포 커버형 / 베이지,SB01F1-3D2,72000,72.79,79,x9,under $100
stepo-footrest,STEPO 스테포,스테포 커버형 / 민트그린,SB01F1-3D7,72000,72.79,79,x9,under $100
stepo-footrest,STEPO 스테포,스테포 / 그레이,SB01F-MM,54000,54.59,59,x9,under $100
molti,MOLTI 몰티,하이체어 / 소이밀크,K50HC0KG-A441P,279000,282.07,299,x99,$100+
molti,MOLTI 몰티,하이체어 / 코랄핑크,K50HC0KG-A443R,279000,282.07,299,x99,$100+
molti,MOLTI 몰티,하이체어 / 아보카도그린,K50HC0KG-A447Q,279000,282.07,299,x99,$100+
molti,MOLTI 몰티,헬로베이비세트 / 소이밀크,K50HB0KG-A441P,399000,403.39,499,x99,$100+
molti,MOLTI 몰티,헬로베이비세트 / 코랄핑크,K50HB0KG-A443R,399000,403.39,499,x99,$100+
molti,MOLTI 몰티,헬로베이비세트 / 아보카도그린,K50HB0KG-A447Q,399000,403.39,499,x99,$100+
ible,IBLE 아이블,아이블 / 화이트 / 웜그레이,S60FEGU0KK-451MWW,189000,191.08,199,x99,$100+
ible,IBLE 아이블,아이블 / 화이트 / 샌드베이지,S60FEGU0KK-452NWW,189000,191.08,199,x99,$100+
ible,IBLE 아이블,아이블 / 블랙 / 차콜,S60FEGU0KK-456BK,189000,191.08,199,x99,$100+
ible,IBLE 아이블,높이조절형/바퀴 / 화이트 / 웜그레이,S60SFU0KK-451MWW,199000,201.19,299,x99,$100+
ible,IBLE 아이블,높이조절형/바퀴 / 화이트 / 샌드베이지,S60SFU0KK-452NWW,199000,201.19,299,x99,$100+
ible,IBLE 아이블,높이조절형/바퀴 / 블랙 / 차콜,S60SFU0KK-456BK,199000,201.19,299,x99,$100+
ible,IBLE 아이블,높이조절형/글라이드 / 화이트 / 웜그레이,S60SFG0KK-451MWW,199000,201.19,299,x99,$100+
ible,IBLE 아이블,높이조절형/글라이드 / 화이트 / 샌드베이지,S60SFG0KK-452NWW,199000,201.19,299,x99,$100+
ible,IBLE 아이블,높이조절형/글라이드 / 블랙 / 차콜,S60SFG0KK-456BK,199000,201.19,299,x99,$100+
gx,GX 게이밍 의자,GX / 카멜레온그레이,G20HDA2KK-CN9WW,389000,393.28,399,x99,$100+
gx,GX 게이밍 의자,GX / 카멜레온블랙,G20HDA2KK-CN9BK,389000,393.28,399,x99,$100+
gx,GX 게이밍 의자,GX / 그레이,G20HDA2KK-4D1BWW,389000,393.28,399,x99,$100+
gx,GX 게이밍 의자,GX / 블랙,G20HDA2KK-4D6BK,389000,393.28,399,x99,$100+
gc-pro,GC PRO 게이밍 의자,쿨링시트/LED / 블랙블루,G10HDAWJ2KK-A446BK,910000,920.01,999,x99,$100+
gc-pro,GC PRO 게이밍 의자,쿨링시트/LED / 그레이레드,G10HDAWJ2KK-A441QW,910000,920.01,999,x99,$100+
gc-pro,GC PRO 게이밍 의자,쿨링시트 / 블랙블루,G10HDAW2KK-A446BK,810000,818.91,899,x99,$100+
gc-pro,GC PRO 게이밍 의자,쿨링시트 / 그레이레드,G10HDAW2KK-A441QW,810000,818.91,899,x99,$100+
gc-pro,GC PRO 게이밍 의자,일반형 / 블랙블루,G10HDA2KK-A446BK,710000,717.81,799,x99,$100+
gc-pro,GC PRO 게이밍 의자,일반형 / 그레이레드,G10HDA2KK-A441QW,710000,717.81,799,x99,$100+
gc-pro,GC PRO 게이밍 의자,일반형(토트넘 에디션) / 프레스 컨퍼런스,G10HDA2CC2-TOT7A,770000,778.47,799,x99,$100+
t90,T90,천연가죽 / 쉐도우그레이,T90HLDA2KK-L841AC,1390000,1405.29,1499,x99,$100+
t90,T90,천연가죽 / 탠브라운,T90HLDA2KK-L945AC,1390000,1405.29,1499,x99,$100+
t90,T90,아쿠아텍스 패브릭 / 크림베이지,T90HLDA2KK-9I2MNI,1145000,1157.6,1199,x99,$100+
t90,T90,아쿠아텍스 패브릭 / 그린블랙,T90HLDA2KK-9I7BKM,1145000,1157.6,1199,x99,$100+
t90,T90,더블라셀 / 그레이,T90HLDA2KK-4B1LMN,1099000,1111.09,1199,x99,$100+
t90,T90,더블라셀 / 블랙,T90HLDA2KK-4B6BKM,1099000,1111.09,1199,x99,$100+
t90,T90,천연가죽 리미티드 팔레트 / 드라이로즈,T90HLDA2KK-L738AC,1270000,1283.97,1299,x99,$100+
t90,T90,천연가죽 리미티드 팔레트 / 데이지옐로우,T90HLDA2KK-L735LC,1270000,1283.97,1299,x99,$100+
t90,T90,천연가죽 리미티드 팔레트 / 그레이시민트,T90HLDA2KK-L744AC,1270000,1283.97,1299,x99,$100+
t90,T90,천연가죽 리미티드 팔레트 / 틸블루,T90HLDA2KK-L734CR,1270000,1283.97,1299,x99,$100+
t90,T90,천연가죽 리미티드 팔레트 / 딥네이비,T90HLDA2KK-L734AC,1270000,1283.97,1299,x99,$100+
ega,EGA 에가,높이조절형/바퀴 / 샌드베이지,TN603FY-452N,213000,215.34,299,x99,$100+
ega,EGA 에가,높이조절형/바퀴 / 웜그레이,TN603FY-451M,213000,215.34,299,x99,$100+
ega,EGA 에가,높이조절형/바퀴 / 애쉬그린,TN603FY-457L,213000,215.34,299,x99,$100+
ega,EGA 에가,높이조절형/바퀴 / 코랄,TN603FY-458D,213000,215.34,299,x99,$100+
ega,EGA 에가,높이조절형/바퀴 / 아이보리(인조가죽),TN603FY-A490L,213000,215.34,299,x99,$100+
ega,EGA 에가,높이조절형/글라이드 / 샌드베이지,TN603FG-452N,209000,211.3,299,x99,$100+
ega,EGA 에가,높이조절형/글라이드 / 웜그레이,TN603FG-451M,209000,211.3,299,x99,$100+
ega,EGA 에가,높이조절형/글라이드 / 애쉬그린,TN603FG-457L,209000,211.3,299,x99,$100+
ega,EGA 에가,높이조절형/글라이드 / 코랄,TN603FG-458D,209000,211.3,299,x99,$100+
ega,EGA 에가,높이조절형/글라이드 / 아이보리(인조가죽),TN603FG-A490L,209000,211.3,299,x99,$100+
ega,EGA 에가,4-LEGS형/바퀴 / 샌드베이지,TN601FEY-452N,199000,201.19,299,x99,$100+
ega,EGA 에가,4-LEGS형/바퀴 / 웜그레이,TN601FEY-451M,199000,201.19,299,x99,$100+
ega,EGA 에가,4-LEGS형/바퀴 / 애쉬그린,TN601FEY-457L,199000,201.19,299,x99,$100+
ega,EGA 에가,4-LEGS형/바퀴 / 코랄,TN601FEY-458D,199000,201.19,299,x99,$100+
ega,EGA 에가,4-LEGS형/바퀴 / 아이보리(인조가죽),TN601FEY-A490L,199000,201.19,299,x99,$100+
ega,EGA 에가,4-LEGS형/글라이드 / 샌드베이지,TN601FE-452N,195000,197.14,199,x99,$100+
ega,EGA 에가,4-LEGS형/글라이드 / 웜그레이,TN601FE-451M,195000,197.14,199,x99,$100+
ega,EGA 에가,4-LEGS형/글라이드 / 애쉬그린,TN601FE-457L,195000,197.14,199,x99,$100+
ega,EGA 에가,4-LEGS형/글라이드 / 코랄,TN601FE-458D,195000,197.14,199,x99,$100+
ega,EGA 에가,4-LEGS형/글라이드 / 아이보리(인조가죽),TN601FE-A490L,195000,197.14,199,x99,$100+
ega,EGA 에가,에가 데일리 / 샌드베이지,M20SFU0KK-452NWW,189000,191.08,199,x99,$100+
ega,EGA 에가,에가 데일리 / 웜그레이,M20SFU0KK-451MWW,189000,191.08,199,x99,$100+
ega,EGA 에가,에가 데일리 / 아이보리(인조가죽),M20SFU0KK-A490LW,189000,191.08,199,x99,$100+
linie,LINIE 리니에,플렉스 / 화이트 / 웜그레이,TXNA250NF-451M,269000,271.96,299,x99,$100+
linie,LINIE 리니에,플렉스 / 화이트 / 샌드베이지,TXNA250NF-452N,269000,271.96,299,x99,$100+
linie,LINIE 리니에,플렉스 / 화이트 / 애쉬그린,TXNA250NF-457L,269000,271.96,299,x99,$100+
linie,LINIE 리니에,플렉스 / 블랙 / 차콜,T250NF-456,269000,271.96,299,x99,$100+
linie,LINIE 리니에,메쉬 / 화이트 / 웜그레이,TXNA250F-451M,269000,271.96,299,x99,$100+
linie,LINIE 리니에,메쉬 / 화이트 / 샌드베이지,TXNA250F-452N,269000,271.96,299,x99,$100+
linie,LINIE 리니에,메쉬 / 화이트 / 애쉬그린,TXNA250F-457L,269000,271.96,299,x99,$100+
linie,LINIE 리니에,메쉬 / 블랙 / 차콜,T250F-456,269000,271.96,299,x99,$100+
t80,T80,메쉬/패브릭 / 블랙 / 차콜,T80HLDA1KK-456BK,649000,656.14,699,x99,$100+
t80,T80,메쉬/패브릭 / 화이트 / 라이트그레이,T80HLDA1KK-451NWW,649000,656.14,699,x99,$100+
t80,T80,메쉬/천연가죽 / 블랙 / 블랙,T80HLDA1KK-L846BK,754000,762.29,799,x99,$100+
t80,T80,메쉬/천연가죽 / 화이트 / 크림,T80HLDA1KK-L841LW,754000,762.29,799,x99,$100+
t80,T80,천연가죽 / 블랙 / 블랙,T80HLDA1KK-L846CR,819000,828.01,899,x99,$100+
t80,T80,천연가죽 / 화이트 / 크림,T80HLDA1KK-L841LC,819000,828.01,899,x99,$100+
