template,type,kr_url
atti-chair,image,https://kr.sidiz.com/cdn/shop/files/ATTI_01-1_e4523865-b612-48b0-8816-cfdaddff6936.jpg
atti-chair,image,https://kr.sidiz.com/cdn/shop/files/ATTI_01-2_61adcc06-efb2-442e-b937-1191c50bce0c.jpg
atti-chair,image,https://kr.sidiz.com/cdn/shop/files/ATTI_01-3_35dd0a16-bb0d-4b93-adf5-f87f9cc373fc.jpg
atti-chair,image,https://kr.sidiz.com/cdn/shop/files/ATTI_01_-1_6a5bab8c-acc6-412d-bc27-0c8a9240cd40.jpg
atti-chair,image,https://kr.sidiz.com/cdn/shop/files/ATTI_02-0.jpg
atti-chair,image,https://kr.sidiz.com/cdn/shop/files/ATTI_02-1-0.jpg
atti-chair,image,https://kr.sidiz.com/cdn/shop/files/ATTI_02-2_430e7d59-ddcc-4e90-bb43-904af1ea4507.jpg
atti-chair,image,https://kr.sidiz.com/cdn/shop/files/ATTI_03-0.jpg
atti-chair,image,https://kr.sidiz.com/cdn/shop/files/ATTI_03-1_565bcdf8-c06e-456a-9272-9daf0f83e048.jpg
atti-chair,image,https://kr.sidiz.com/cdn/shop/files/ATTI_03-2_7866facf-6c5d-4a3b-9211-55e128ac996b.jpg
atti-chair,image,https://kr.sidiz.com/cdn/shop/files/ATTI_1_1__01_736565b3-2f5d-472e-8fd9-e4e1da3be442.jpg
atti-chair,image,https://kr.sidiz.com/cdn/shop/files/ATTI_1_1__02_b7d2f317-ed98-47bc-994b-2f62b5e56ef8.jpg
atti-chair,image,https://kr.sidiz.com/cdn/shop/files/ATTI_1_1__03_4efc68cc-882d-4268-844d-d038092b09ed.jpg
atti-chair,image,https://kr.sidiz.com/cdn/shop/files/ATTI_1_1__04_fc2fe51c-76cc-487e-90e8-5d86168e594d.jpg
atti-chair,image,https://kr.sidiz.com/cdn/shop/files/ATTI_Head_chair.jpg
atti-chair,image,https://kr.sidiz.com/cdn/shop/files/ATTI_Head_chair_M_b4955b76-21ee-475e-9d7d-02bb72a64a69.jpg
atti-chair,image,https://kr.sidiz.com/cdn/shop/files/K301F_01_b43c9431-a7f2-4f8d-b3dc-53112c6ff56c.jpg
atti-chair,image,https://kr.sidiz.com/cdn/shop/files/K301F_02_830f7c8c-60c3-448e-8314-472177b2be41.jpg
atti-chair,image,https://kr.sidiz.com/cdn/shop/files/WARRANTY_5.jpg
atti-chair,image,https://kr.sidiz.com/cdn/shop/files/shop_pc.jpg
button,image,https://kr.sidiz.com/cdn/shop/files/BUTTON_01-2.jpg
button,image,https://kr.sidiz.com/cdn/shop/files/BUTTON_01-3.jpg
button,image,https://kr.sidiz.com/cdn/shop/files/BUTTON_01-4.jpg
button,image,https://kr.sidiz.com/cdn/shop/files/BUTTON_01.jpg
button,image,https://kr.sidiz.com/cdn/shop/files/BUTTON_Head.jpg
button,image,https://kr.sidiz.com/cdn/shop/files/BUTTON_Head_M-0_706c0509-d3ed-4ab1-9efa-0559def75ca1.jpg
button,image,"https://kr.sidiz.com/cdn/shop/files/BUTTON_Option1.jpg,https://kr.sidiz.com/cdn/shop/files/BUTTON_Option1-1.jpg"
button,image,"https://kr.sidiz.com/cdn/shop/files/BUTTON_Option2_7e53c1cb-0171-4e0f-82e4-8d78dab36805.jpg,https://kr.sidiz.com/cdn/shop/files/BUTTON_Option2-1_830d7d50-5f2d-4675-bee9-4b8886cb5f6a.jpg"
button,image,"https://kr.sidiz.com/cdn/shop/files/BUTTON_Option3_5f43c212-4269-4a9f-a4c8-c4f0ee772141.jpg,https://kr.sidiz.com/cdn/shop/files/BUTTON_Option3-1_5a03c11d-d66b-44c0-b5b0-e85f87a47c51.jpg"
button,image,"https://kr.sidiz.com/cdn/shop/files/BUTTON_Option4_9fcca377-97be-4bc4-86ab-d0eb39f7f9a7.jpg,https://kr.sidiz.com/cdn/shop/files/BUTTON_Option4-1_172bd351-81a1-45bb-9875-fb4136209740.jpg"
button,image,https://kr.sidiz.com/cdn/shop/files/LINIE_3_2__01.jpg
button,image,https://kr.sidiz.com/cdn/shop/files/LINIE_3_2__02_aae8e7db-abb3-4201-8282-1adc6f38b6ba.jpg
button,image,https://kr.sidiz.com/cdn/shop/files/LINIE_3_2__03.jpg
button,image,https://kr.sidiz.com/cdn/shop/files/LINIE_3_2__04.jpg
button,image,https://kr.sidiz.com/cdn/shop/files/LINIE_3_2__05.jpg
button,image,https://kr.sidiz.com/cdn/shop/files/LINIE_3_2__06.jpg
button,image,https://kr.sidiz.com/cdn/shop/files/MN801EY__01_48a9632f-413b-4a18-93fc-84ce5c7afb78.jpg
button,image,https://kr.sidiz.com/cdn/shop/files/MN801EY__02_e0c4de14-0cae-43b7-9b48-4a89a8239ebf.jpg
button,image,https://kr.sidiz.com/cdn/shop/files/MN801E__01_75616010-569d-4b1e-afa0-4170576480a8.jpg
button,image,https://kr.sidiz.com/cdn/shop/files/MN801E__02_f511f109-dc0a-4b66-a6d3-e543dad51f2b.jpg
button,image,https://kr.sidiz.com/cdn/shop/files/MN803G__01_35fe52be-bc78-44ac-8ae2-5d2b41aa6b46.jpg
button,image,https://kr.sidiz.com/cdn/shop/files/MN803G__02_7aff3e0b-1712-40fa-b8c4-5867eb89e607.jpg
button,image,https://kr.sidiz.com/cdn/shop/files/MN803Y__01_2e7d255d-dc40-43c2-822b-5ca63eaf179d.jpg
button,image,https://kr.sidiz.com/cdn/shop/files/MN803Y__02_5203bd59-f841-4429-af18-7b5296559c74.jpg
button,image,https://kr.sidiz.com/cdn/shop/files/WARRANTY_5.jpg
button,image,https://kr.sidiz.com/cdn/shop/files/shop_pc.jpg
ega,image,https://kr.sidiz.com/cdn/shop/files/EGA_01-1.jpg
ega,image,https://kr.sidiz.com/cdn/shop/files/EGA_01-3.jpg
ega,image,https://kr.sidiz.com/cdn/shop/files/EGA_01-4.jpg
ega,image,https://kr.sidiz.com/cdn/shop/files/EGA_01_4e88779a-a06a-4ef6-986a-c73422b276a1.jpg
ega,image,https://kr.sidiz.com/cdn/shop/files/EGA_DAILY_01.jpg
ega,image,https://kr.sidiz.com/cdn/shop/files/EGA_DAILY_02.jpg
ega,image,https://kr.sidiz.com/cdn/shop/files/EGA_Head.jpg
ega,image,https://kr.sidiz.com/cdn/shop/files/EGA_Head_M-0.jpg
ega,image,"https://kr.sidiz.com/cdn/shop/files/EGA_Option1.jpg,https://kr.sidiz.com/cdn/shop/files/EGA_Option1-1.jpg"
ega,image,"https://kr.sidiz.com/cdn/shop/files/EGA_Option2.jpg,https://kr.sidiz.com/cdn/shop/files/EGA_Option2-1.jpg"
ega,image,"https://kr.sidiz.com/cdn/shop/files/EGA_Option3.jpg,https://kr.sidiz.com/cdn/shop/files/EGA_Option3-1.jpg"
ega,image,"https://kr.sidiz.com/cdn/shop/files/EGA_Option4.jpg,https://kr.sidiz.com/cdn/shop/files/EGA_Option4-1.jpg"
ega,image,https://kr.sidiz.com/cdn/shop/files/EGA_m2.jpg
ega,image,"https://kr.sidiz.com/cdn/shop/files/Img1_58304cce-df00-4472-958b-1aedad262113.jpg,https://kr.sidiz.com/cdn/shop/files/Img2_28246805-ceb5-4f6b-9e70-1b9c1631222f.jpg"
ega,image,https://kr.sidiz.com/cdn/shop/files/Img_270af5b8-4e3d-4df3-abab-1005bffa942a.jpg
ega,image,https://kr.sidiz.com/cdn/shop/files/Img_33a80ad4-98bb-4b72-90eb-fdd61d7448b5.jpg
ega,image,https://kr.sidiz.com/cdn/shop/files/Img_4_3_2_ffa4e9a0-6704-46d5-a283-82665ca08239.jpg
ega,image,https://kr.sidiz.com/cdn/shop/files/Img_4_3_eb94f75e-ca36-481b-90b8-f74b7c0eecf4.jpg
ega,image,https://kr.sidiz.com/cdn/shop/files/LINIE_3_2__01_2ec94a7d-2da6-43d7-8617-10d7947a6b5a.jpg
ega,image,https://kr.sidiz.com/cdn/shop/files/LINIE_3_2__02_c71d3fb1-9080-451d-86d3-9844904cb1bb.jpg
ega,image,https://kr.sidiz.com/cdn/shop/files/LINIE_3_2__03_05190c7e-30b1-4582-94f3-7f8e4a682f25.jpg
ega,image,https://kr.sidiz.com/cdn/shop/files/LINIE_3_2__04_2006eea4-afc9-4e01-9139-d09af5072f6e.jpg
ega,image,https://kr.sidiz.com/cdn/shop/files/LINIE_3_2__05_e91389ef-4def-4899-9a77-5e3ecb7f768e.jpg
ega,image,https://kr.sidiz.com/cdn/shop/files/LINIE_3_2__06_b9ebfe48-c5b3-435a-a86a-308c85539868.jpg
ega,image,https://kr.sidiz.com/cdn/shop/files/TN601FEY_01_71a4bd3d-2107-401f-aed4-cc89767b8b6b.jpg
ega,image,https://kr.sidiz.com/cdn/shop/files/TN601FEY_02_0d8f3ede-bcc1-4a2c-a7ed-7f2f36eba019.jpg
ega,image,https://kr.sidiz.com/cdn/shop/files/TN601FE_01_2b686019-f72d-415b-b8d1-60d9cf7fc3b2.jpg
ega,image,https://kr.sidiz.com/cdn/shop/files/TN601FE_02_e76e84d9-cd32-482a-b64d-0a3e8d2df934.jpg
ega,image,https://kr.sidiz.com/cdn/shop/files/TN603FG_01_f6ef4bd1-fe8e-4240-81e0-fc50fe395362.jpg
ega,image,https://kr.sidiz.com/cdn/shop/files/TN603FG_02_02bf28f5-7263-4a85-b9ac-e20f98d8be70.jpg
ega,image,https://kr.sidiz.com/cdn/shop/files/TN603FY_01_75b3de12-fa6c-44a9-839f-1158de6b4101.jpg
ega,image,https://kr.sidiz.com/cdn/shop/files/TN603FY_02_a61e6229-61cd-4bb3-a8d7-d9b4f938a2d6.jpg
ega,image,https://kr.sidiz.com/cdn/shop/files/WARRANTY_5.jpg
ega,image,https://kr.sidiz.com/cdn/shop/files/shop_pc.jpg
fungus,image,https://kr.sidiz.com/cdn/shop/files/FUNGUS_01-1.jpg
fungus,image,https://kr.sidiz.com/cdn/shop/files/FUNGUS_01-2.jpg
fungus,image,https://kr.sidiz.com/cdn/shop/files/FUNGUS_01-3.jpg
fungus,image,https://kr.sidiz.com/cdn/shop/files/FUNGUS_01.jpg
fungus,image,https://kr.sidiz.com/cdn/shop/files/FUNGUS_1_1__01.jpg
fungus,image,https://kr.sidiz.com/cdn/shop/files/FUNGUS_1_1__02.jpg
fungus,image,https://kr.sidiz.com/cdn/shop/files/FUNGUS_1_1__03.jpg
fungus,image,https://kr.sidiz.com/cdn/shop/files/FUNGUS_1_1__04.jpg
fungus,image,https://kr.sidiz.com/cdn/shop/files/FUNGUS_HEAD_a3137f0a-90ea-4f6c-98f3-05d60f1afd67.jpg
fungus,image,https://kr.sidiz.com/cdn/shop/files/FUNGUS_Head_M.jpg
fungus,image,"https://kr.sidiz.com/cdn/shop/files/FUNGUS_Option1.jpg,https://kr.sidiz.com/cdn/shop/files/FUNGUS_Option1-1.jpg"
fungus,image,"https://kr.sidiz.com/cdn/shop/files/FUNGUS_Option2.jpg,https://kr.sidiz.com/cdn/shop/files/FUNGUS_Option2-1.jpg"
fungus,image,https://kr.sidiz.com/cdn/shop/files/MN130Y_01_0cec7b4b-3be6-473f-a31a-2f1114b90443.jpg
fungus,image,https://kr.sidiz.com/cdn/shop/files/MN130Y_02_371b5d3c-3830-45cb-af63-f0d334ca098f.jpg
fungus,image,https://kr.sidiz.com/cdn/shop/files/MN130_01_2843ca20-7cfb-40a2-b67c-0e4ec6c00d89.jpg
fungus,image,https://kr.sidiz.com/cdn/shop/files/MN130_02_cf77088f-7dc3-4cae-8f27-460812192cd6.jpg
fungus,image,https://kr.sidiz.com/cdn/shop/files/shop_pc.jpg
gx-work,image,https://kr.sidiz.com/cdn/shop/files/BLOCK-EGA-NOTICE.jpg
gx-work,image,https://kr.sidiz.com/cdn/shop/files/Be_the_player.jpg
gx-work,image,https://kr.sidiz.com/cdn/shop/files/Find_your_fit_01.jpg
gx-work,image,https://kr.sidiz.com/cdn/shop/files/Find_your_fit_02.jpg
gx-work,image,https://kr.sidiz.com/cdn/shop/files/GX-1_01744ba6-1e09-47a6-a5ca-377598f694bb.png
gx-work,image,https://kr.sidiz.com/cdn/shop/files/GX_02-1.jpg
gx-work,image,https://kr.sidiz.com/cdn/shop/files/GX_02-2.jpg
gx-work,image,https://kr.sidiz.com/cdn/shop/files/GX_02-3.jpg
gx-work,image,https://kr.sidiz.com/cdn/shop/files/GX_FYF_01.jpg
gx-work,image,https://kr.sidiz.com/cdn/shop/files/GX_FYF_03.jpg
gx-work,image,https://kr.sidiz.com/cdn/shop/files/GX__1-1__01.jpg
gx-work,image,https://kr.sidiz.com/cdn/shop/files/GX__AI__04.jpg
gx-work,image,https://kr.sidiz.com/cdn/shop/files/GX_bef2ce3c-faec-4514-8da5-179075a4775f.png
gx-work,image,https://kr.sidiz.com/cdn/shop/files/Img2_174c8a25-e805-445a-bbd8-b51b8ac873d2.jpg
gx-work,image,https://kr.sidiz.com/cdn/shop/files/Img3_b8ff1387-aa42-408a-ab7e-3e28bf913155.jpg
gx-work,image,https://kr.sidiz.com/cdn/shop/files/WARRANTY_5.jpg
gx-work,image,https://kr.sidiz.com/cdn/shop/files/gx-_1.jpg
gx-work,image,https://kr.sidiz.com/cdn/shop/files/gx-_33.jpg
gx-work,image,https://kr.sidiz.com/cdn/shop/files/home_01_mo.jpg
gx-work,image,https://kr.sidiz.com/cdn/shop/files/home_01_pc.jpg
gx-work,image,https://kr.sidiz.com/cdn/shop/files/pc_1.png
gx-work,poster,https://kr.sidiz.com/cdn/shop/files/preview_images/22d20ad4070a4e0f949e70b370c9212f.thumbnail.0000000000_small.jpg
gx-work,poster,https://kr.sidiz.com/cdn/shop/files/preview_images/237dc7ea071243c397ab4f460c6c69a6.thumbnail.0000000000_small.jpg
gx-work,poster,https://kr.sidiz.com/cdn/shop/files/preview_images/405eee554ab3493da98045bf4065b7f2.thumbnail.0000000000_small.jpg
gx-work,poster,https://kr.sidiz.com/cdn/shop/files/preview_images/9aa80dcca3144d209c4becd8a30fe869.thumbnail.0000000000_small.jpg
gx-work,poster,https://kr.sidiz.com/cdn/shop/files/preview_images/afad8111d62e419381c52160c83dc129.thumbnail.0000000000_small.jpg
gx-work,poster,https://kr.sidiz.com/cdn/shop/files/preview_images/da745b07c0d147b1aed86a9fbe1e2a84.thumbnail.0000000000_small.jpg
gx-work,image,https://kr.sidiz.com/cdn/shop/files/shop.png
gx-work,video,https://kr.sidiz.com/cdn/shop/videos/c/vp/22d20ad4070a4e0f949e70b370c9212f/22d20ad4070a4e0f949e70b370c9212f.HD-1080p-7.2Mbps-50402657.mp4
gx-work,video,https://kr.sidiz.com/cdn/shop/videos/c/vp/237dc7ea071243c397ab4f460c6c69a6/237dc7ea071243c397ab4f460c6c69a6.HD-1080p-7.2Mbps-82736419.mp4
gx-work,video,https://kr.sidiz.com/cdn/shop/videos/c/vp/405eee554ab3493da98045bf4065b7f2/405eee554ab3493da98045bf4065b7f2.HD-1080p-7.2Mbps-82736610.mp4
gx-work,video,https://kr.sidiz.com/cdn/shop/videos/c/vp/9aa80dcca3144d209c4becd8a30fe869/9aa80dcca3144d209c4becd8a30fe869.HD-1080p-7.2Mbps-50402702.mp4
gx-work,video,https://kr.sidiz.com/cdn/shop/videos/c/vp/afad8111d62e419381c52160c83dc129/afad8111d62e419381c52160c83dc129.HD-1080p-7.2Mbps-72835973.mp4
gx-work,video,https://kr.sidiz.com/cdn/shop/videos/c/vp/da745b07c0d147b1aed86a9fbe1e2a84/da745b07c0d147b1aed86a9fbe1e2a84.HD-1080p-3.3Mbps-54722576.mp4
ible,image,https://kr.sidiz.com/cdn/shop/files/1_46f8cc6c-9e40-43c6-983f-6ec8d2389ee0.png
ible,image,https://kr.sidiz.com/cdn/shop/files/3_a540ee9a-0840-46c3-a4f5-8714eff30f66.png
ible,image,https://kr.sidiz.com/cdn/shop/files/4_74ebe688-caeb-4f9d-99dc-ecbb22824764.png
ible,image,https://kr.sidiz.com/cdn/shop/files/5_9a36585e-be44-4c38-b9c7-03a270f0c9e0.png
ible,image,https://kr.sidiz.com/cdn/shop/files/BLOCK-EGA-NOTICE.jpg
ible,image,https://kr.sidiz.com/cdn/shop/files/IBLE_01-0.jpg
ible,image,https://kr.sidiz.com/cdn/shop/files/IBLE_01-1.jpg
ible,image,https://kr.sidiz.com/cdn/shop/files/IBLE_01-2.jpg
ible,image,https://kr.sidiz.com/cdn/shop/files/IBLE_01-3.jpg
ible,image,https://kr.sidiz.com/cdn/shop/files/IBLE_02-0.jpg
ible,image,https://kr.sidiz.com/cdn/shop/files/IBLE_02-1.jpg
ible,image,https://kr.sidiz.com/cdn/shop/files/IBLE_02-2.jpg
ible,image,https://kr.sidiz.com/cdn/shop/files/IBLE_03-0.jpg
ible,image,https://kr.sidiz.com/cdn/shop/files/IBLE_03-1.jpg
ible,image,https://kr.sidiz.com/cdn/shop/files/IBLE_03-2.jpg
ible,image,https://kr.sidiz.com/cdn/shop/files/IBLE_04-1.jpg
ible,image,https://kr.sidiz.com/cdn/shop/files/IBLE_04-2.jpg
ible,image,https://kr.sidiz.com/cdn/shop/files/IBLE_04.jpg
ible,image,https://kr.sidiz.com/cdn/shop/files/IBLE_1_1__01.jpg
ible,image,https://kr.sidiz.com/cdn/shop/files/IBLE_1_1__02.jpg
ible,image,https://kr.sidiz.com/cdn/shop/files/IBLE_AI__02_de3cd40e-b524-46ca-a375-572afbd60165.png
ible,image,https://kr.sidiz.com/cdn/shop/files/IBLE_AI__04_3166dadc-6c82-4d4c-aa56-b8dd075a46e2.png
ible,image,https://kr.sidiz.com/cdn/shop/files/IBLE_Head.jpg
ible,image,https://kr.sidiz.com/cdn/shop/files/IBLE_Head_M-0.jpg
ible,image,https://kr.sidiz.com/cdn/shop/files/IBLE_NOTIC_PC.jpg
ible,image,"https://kr.sidiz.com/cdn/shop/files/IBLE_Option1.jpg,https://kr.sidiz.com/cdn/shop/files/IBLE_Option1-1.jpg"
ible,image,"https://kr.sidiz.com/cdn/shop/files/IBLE_Option2.jpg,https://kr.sidiz.com/cdn/shop/files/IBLE_Option2-1.jpg"
ible,image,"https://kr.sidiz.com/cdn/shop/files/Img1_c42f6985-3b16-4756-92f2-78942ed2fb5a.jpg,https://kr.sidiz.com/cdn/shop/files/Img2_cc749d1c-3fb1-4d1a-9079-f5e828c09183.jpg"
ible,image,https://kr.sidiz.com/cdn/shop/files/Img_229839a6-96be-4812-9799-95b8bd7dd613.jpg
ible,image,https://kr.sidiz.com/cdn/shop/files/S60SFG0KK_01.jpg
ible,image,https://kr.sidiz.com/cdn/shop/files/S60SFG0KK_02.jpg
ible,image,https://kr.sidiz.com/cdn/shop/files/S60SFU0KK_01.jpg
ible,image,https://kr.sidiz.com/cdn/shop/files/S60SFU0KK_02.jpg
ible,image,https://kr.sidiz.com/cdn/shop/files/TNB501FE_01_8ecc9d68-2b29-473b-88b4-c18508dc0c6e.jpg
ible,image,https://kr.sidiz.com/cdn/shop/files/TNB501FE_02_fb762c1d-05d3-4262-8bea-3efacba49b8a.jpg
ible,image,https://kr.sidiz.com/cdn/shop/files/WARRANTY_5.jpg
ible,image,https://kr.sidiz.com/cdn/shop/files/shop_pc.jpg
linie,image,https://kr.sidiz.com/cdn/shop/files/LINIE_01-1.jpg
linie,image,https://kr.sidiz.com/cdn/shop/files/LINIE_01-2.jpg
linie,image,https://kr.sidiz.com/cdn/shop/files/LINIE_02-2-0.jpg
linie,image,https://kr.sidiz.com/cdn/shop/files/LINIE_02-3.jpg
linie,image,https://kr.sidiz.com/cdn/shop/files/LINIE_02.jpg
linie,image,https://kr.sidiz.com/cdn/shop/files/LINIE_1_1__01.jpg
linie,image,https://kr.sidiz.com/cdn/shop/files/LINIE_1_1__02.jpg
linie,image,https://kr.sidiz.com/cdn/shop/files/LINIE_1_1__03.jpg
linie,image,https://kr.sidiz.com/cdn/shop/files/LINIE_1_1__04.jpg
linie,image,https://kr.sidiz.com/cdn/shop/files/LINIE_1_1__05_2bbe7b0c-aedf-400f-a502-588f3370c27d.jpg
linie,image,https://kr.sidiz.com/cdn/shop/files/LINIE_1_1__06_37f1da99-6c7d-4042-a008-df28619fd08c.jpg
linie,image,https://kr.sidiz.com/cdn/shop/files/LINIE_1_1__07.jpg
linie,image,https://kr.sidiz.com/cdn/shop/files/LINIE_FYF_01_133478ce-b5c3-431f-b798-ef0f295614cb.jpg
linie,image,https://kr.sidiz.com/cdn/shop/files/LINIE_FYF_02.jpg
linie,image,https://kr.sidiz.com/cdn/shop/files/LINIE_Head.jpg
linie,image,https://kr.sidiz.com/cdn/shop/files/LINIE_Head_M-0.jpg
linie,image,"https://kr.sidiz.com/cdn/shop/files/LINIE_Option1.jpg,https://kr.sidiz.com/cdn/shop/files/LINIE_Option1-1.jpg"
linie,image,"https://kr.sidiz.com/cdn/shop/files/LINIE_Option2.jpg,https://kr.sidiz.com/cdn/shop/files/LINIE_Option2-1.jpg"
linie,image,https://kr.sidiz.com/cdn/shop/files/TXNA250F_01_e548e80f-008c-4dca-85f5-6162c915f402.jpg
linie,image,https://kr.sidiz.com/cdn/shop/files/TXNA250F_02_18b7ddea-ccf4-494e-8c9a-460d6f2fe7d3.jpg
linie,image,https://kr.sidiz.com/cdn/shop/files/TXNA250NF_01_02259039-f13c-4f89-bec8-6a75063e27f1.jpg
linie,image,https://kr.sidiz.com/cdn/shop/files/TXNA250NF_02_7da8fade-433c-4c72-8658-34cd10b766f8.jpg
linie,image,https://kr.sidiz.com/cdn/shop/files/WARRANTY_5.jpg
linie,image,https://kr.sidiz.com/cdn/shop/files/pc_1.png
linie,poster,https://kr.sidiz.com/cdn/shop/files/preview_images/0ce2f2fdbdbc4e5a8cdd492398cb7263.thumbnail.0000000000_small.jpg
linie,poster,https://kr.sidiz.com/cdn/shop/files/preview_images/6b0ff48d654b4cd4bac5bc7e1f34a441.thumbnail.0000000000_small.jpg
linie,image,https://kr.sidiz.com/cdn/shop/files/shop_pc.jpg
linie,video,https://kr.sidiz.com/cdn/shop/videos/c/vp/0ce2f2fdbdbc4e5a8cdd492398cb7263/0ce2f2fdbdbc4e5a8cdd492398cb7263.SD-480p-0.9Mbps-40950678.mp4
linie,video,https://kr.sidiz.com/cdn/shop/videos/c/vp/6b0ff48d654b4cd4bac5bc7e1f34a441/6b0ff48d654b4cd4bac5bc7e1f34a441.HD-1080p-7.2Mbps-36792243.mp4
mane,image,https://kr.sidiz.com/cdn/shop/files/1_7522236a-3c75-47a8-9db9-a1421e46e9bf.jpg
mane,image,"https://kr.sidiz.com/cdn/shop/files/1_7793aeb9-8598-4980-9c96-3d9a29879baf.jpg,https://kr.sidiz.com/cdn/shop/files/2_b42c8d5a-4c95-40ff-911a-8766cd3db144.jpg"
mane,image,https://kr.sidiz.com/cdn/shop/files/3_2b2b3146-6694-47c0-a9be-837ef682c22d.jpg
mane,image,https://kr.sidiz.com/cdn/shop/files/AI_MANE_04.png
mane,image,https://kr.sidiz.com/cdn/shop/files/AI_MANE_05.png
mane,image,https://kr.sidiz.com/cdn/shop/files/AI_MANE_08.png
mane,image,https://kr.sidiz.com/cdn/shop/files/AI_MANE_09.png
mane,image,https://kr.sidiz.com/cdn/shop/files/AI_MANE_10.png
mane,image,https://kr.sidiz.com/cdn/shop/files/Head_M_9cfbc09d-eadc-4127-953b-bdfecdfbd8da.jpg
mane,image,https://kr.sidiz.com/cdn/shop/files/Head_e1464329-8260-4b29-880e-e4b25db9611a.jpg
mane,image,https://kr.sidiz.com/cdn/shop/files/Img_3_9003a4c1-f638-4b4a-b389-d17e2f1e9de8.jpg
mane,image,https://kr.sidiz.com/cdn/shop/files/Img_6be420c0-722e-43b1-8d31-9bf8aa448b2c.jpg
mane,image,https://kr.sidiz.com/cdn/shop/files/M071E_01_638ac3bc-c7c3-4b0f-86f8-8b5ef660b94d.jpg
mane,image,https://kr.sidiz.com/cdn/shop/files/M071E_02_ca0a0bf7-2306-489a-ba18-ca25a4b84494.jpg
mane,image,https://kr.sidiz.com/cdn/shop/files/MANE_01-1.jpg
mane,image,https://kr.sidiz.com/cdn/shop/files/MANE_01-3.jpg
mane,image,https://kr.sidiz.com/cdn/shop/files/MANE_1_1__04.jpg
mane,image,"https://kr.sidiz.com/cdn/shop/files/MANE_Option1.jpg,https://kr.sidiz.com/cdn/shop/files/MANE_Option1-1.jpg"
mane,image,https://kr.sidiz.com/cdn/shop/files/MN021E_01_5de30485-ac11-4a80-9d2a-2e880dc73916.jpg
mane,image,https://kr.sidiz.com/cdn/shop/files/MN021E_02_ba43ed4f-c884-4466-9eef-cdea867bc2b3.jpg
mane,image,https://kr.sidiz.com/cdn/shop/files/WARRANTY_5.jpg
mane,image,https://kr.sidiz.com/cdn/shop/files/shop_pc.jpg
molti,image,https://kr.sidiz.com/cdn/shop/files/BLOCK-EGA-NOTICE.jpg
molti,image,https://kr.sidiz.com/cdn/shop/files/Img_1_9b88d673-2797-480c-8a47-4bc5fd4f4038.jpg
molti,image,https://kr.sidiz.com/cdn/shop/files/MOLTI_01-1.jpg
molti,image,https://kr.sidiz.com/cdn/shop/files/MOLTI_01-2.jpg
molti,image,https://kr.sidiz.com/cdn/shop/files/MOLTI_01-3.jpg
molti,image,https://kr.sidiz.com/cdn/shop/files/MOLTI_02-1.jpg
molti,image,https://kr.sidiz.com/cdn/shop/files/MOLTI_02-2.jpg
molti,image,https://kr.sidiz.com/cdn/shop/files/MOLTI_02-3.jpg
molti,image,https://kr.sidiz.com/cdn/shop/files/MOLTI_02_df820c41-8592-44de-bb44-193c73492beb.jpg
molti,image,https://kr.sidiz.com/cdn/shop/files/MOLTI_03-0.jpg
molti,image,https://kr.sidiz.com/cdn/shop/files/MOLTI_03-1.jpg
molti,image,https://kr.sidiz.com/cdn/shop/files/MOLTI_03-2.jpg
molti,image,https://kr.sidiz.com/cdn/shop/files/MOLTI_03-3.jpg
molti,image,https://kr.sidiz.com/cdn/shop/files/MOLTI_1_1__01.jpg
molti,image,https://kr.sidiz.com/cdn/shop/files/MOLTI_1_1__02.jpg
molti,image,https://kr.sidiz.com/cdn/shop/files/MOLTI_1_1__03.jpg
molti,image,https://kr.sidiz.com/cdn/shop/files/MOLTI_1_1__04.jpg
molti,image,https://kr.sidiz.com/cdn/shop/files/MOLTI_1_1__05.jpg
molti,image,https://kr.sidiz.com/cdn/shop/files/MOLTI_1_1__06.jpg
molti,image,https://kr.sidiz.com/cdn/shop/files/MOLTI_Head_01.jpg
molti,image,https://kr.sidiz.com/cdn/shop/files/MOLTI_Head_01_M-0.jpg
molti,image,https://kr.sidiz.com/cdn/shop/files/MOLTI_Img.jpg
molti,image,https://kr.sidiz.com/cdn/shop/files/MOLTI_Img_2.jpg
molti,image,"https://kr.sidiz.com/cdn/shop/files/MOLTI_Option1.jpg,https://kr.sidiz.com/cdn/shop/files/MOLTI_Option1-1.jpg"
molti,image,"https://kr.sidiz.com/cdn/shop/files/MOLTI_Option2.jpg,https://kr.sidiz.com/cdn/shop/files/MOLTI_Option2-1.jpg"
molti,image,https://kr.sidiz.com/cdn/shop/files/SK500NA_01_f4759bcb-7371-4b5e-842d-6e997bb46c1f.jpg
molti,image,https://kr.sidiz.com/cdn/shop/files/SK500NA_02_e3ea00e0-05e4-45aa-967c-c33c8295a5d1.jpg
molti,image,https://kr.sidiz.com/cdn/shop/files/SK500NA_03_36e91585-27c2-4b97-be27-e066336abd21.jpg
molti,image,https://kr.sidiz.com/cdn/shop/files/SK500NA_04_64f7a699-a32d-4c49-9fec-dc328d2ef3d6.jpg
molti,image,https://kr.sidiz.com/cdn/shop/files/SK500NA_05_f55ab27c-cdff-4f24-8dee-8290b455dc64.jpg
molti,image,https://kr.sidiz.com/cdn/shop/files/SK500NA_06_dcc2e7c8-1738-4643-8c26-11972e40714f.jpg
molti,image,https://kr.sidiz.com/cdn/shop/files/SK500NA_07_4ea3aa02-c7f4-4b1a-81d7-0cb1377c1201.jpg
molti,image,https://kr.sidiz.com/cdn/shop/files/SK500NA_08_248f2009-7524-43bf-bd18-9f8dfad256dc.jpg
molti,image,https://kr.sidiz.com/cdn/shop/files/WARRANTY_5.jpg
molti,image,https://kr.sidiz.com/cdn/shop/files/molti_0121.jpg
molti,image,https://kr.sidiz.com/cdn/shop/files/molti_0121_mo.jpg
molti,image,https://kr.sidiz.com/cdn/shop/files/shop_pc.jpg
multispray-infinity,image,https://kr.sidiz.com/cdn/shop/files/Head_380b5047-4714-4596-af51-1ca2935decaf.jpg
multispray-infinity,image,https://kr.sidiz.com/cdn/shop/files/Head_M_1376240a-1e06-4794-9537-36b2bbf3cf8f.jpg
multispray-infinity,image,https://kr.sidiz.com/cdn/shop/files/INFINITY.png
multispray-infinity,image,https://kr.sidiz.com/cdn/shop/files/INFINITY_06f660ae-8814-4636-9869-98570faefaee.png
multispray-infinity,image,https://kr.sidiz.com/cdn/shop/files/Img2_d90e4475-0a63-4d0c-9be4-90a4de6baa46.jpg
multispray-infinity,image,https://kr.sidiz.com/cdn/shop/files/Img3_4a445753-bb31-4245-bdc7-ba29bf2b151b.jpg
multispray-infinity,image,https://kr.sidiz.com/cdn/shop/files/Img5.jpg
multispray-infinity,image,https://kr.sidiz.com/cdn/shop/files/Img6.jpg
multispray-infinity,image,https://kr.sidiz.com/cdn/shop/files/Img7.jpg
multispray-infinity,image,https://kr.sidiz.com/cdn/shop/files/Img8_6a89a295-db5e-43a0-a6fa-02649f78c39e.jpg
muuve,image,https://kr.sidiz.com/cdn/shop/files/AI_MUUVE_01.png
muuve,image,https://kr.sidiz.com/cdn/shop/files/AI_MUUVE_04.png
muuve,image,https://kr.sidiz.com/cdn/shop/files/AI_MUUVE_10.png
muuve,image,https://kr.sidiz.com/cdn/shop/files/AI_MUUVE___02.png
muuve,image,https://kr.sidiz.com/cdn/shop/files/BLOCK-EGA-NOTICE.jpg
muuve,image,https://kr.sidiz.com/cdn/shop/files/Head_24a9ec81-d8c3-470e-9d2c-b9dc238e6413.jpg
muuve,image,https://kr.sidiz.com/cdn/shop/files/Img_1_1_6b9dded8-667e-48c8-ad61-990f1561602b.jpg
muuve,image,https://kr.sidiz.com/cdn/shop/files/Img_1_2.jpg
muuve,image,https://kr.sidiz.com/cdn/shop/files/Img_1_3.jpg
muuve,image,https://kr.sidiz.com/cdn/shop/files/Img_1_4.jpg
muuve,image,https://kr.sidiz.com/cdn/shop/files/Img_1_fbe9ef5e-ab34-4138-a72c-05b29b5529a5.jpg
muuve,image,https://kr.sidiz.com/cdn/shop/files/Img_2_45019f01-09d5-4441-884c-c2419039a55a.jpg
muuve,image,https://kr.sidiz.com/cdn/shop/files/Img_3_db6e7e56-ced8-4324-bf2a-fb55b6c5639f.jpg
muuve,image,https://kr.sidiz.com/cdn/shop/files/Img_4_3_9e73e6eb-a7fa-4e7d-8e4f-7eadcd6bb4c1.jpg
muuve,image,https://kr.sidiz.com/cdn/shop/files/Img_4_3__2.jpg
muuve,image,https://kr.sidiz.com/cdn/shop/files/Img_4_3__3.jpg
muuve,image,https://kr.sidiz.com/cdn/shop/files/Img_4_4dabcc41-d3de-4787-bccb-19e379e952cd.jpg
muuve,image,https://kr.sidiz.com/cdn/shop/files/Img_5_f937f509-315e-4126-8d4e-61b77d298149.jpg
muuve,image,https://kr.sidiz.com/cdn/shop/files/Img_6_c7e0dc4e-d059-4518-8238-82a68220a582.jpg
muuve,image,https://kr.sidiz.com/cdn/shop/files/Img_7_52e9815a-a3e5-4329-991b-37152edfdee1.jpg
muuve,image,https://kr.sidiz.com/cdn/shop/files/MUUVE___01.jpg
muuve,image,https://kr.sidiz.com/cdn/shop/files/MUUVE___01_3b6e6eb7-e118-4112-8630-4d353a7137b7.jpg
muuve,image,https://kr.sidiz.com/cdn/shop/files/MUUVE___02.jpg
muuve,image,https://kr.sidiz.com/cdn/shop/files/MUUVE___02_4ce68b62-b0f5-4720-8d21-a4ae9a7c1870.jpg
muuve,image,https://kr.sidiz.com/cdn/shop/files/MUUVE_m1.jpg
muuve,image,https://kr.sidiz.com/cdn/shop/files/MUUVE_m2.jpg
muuve,image,https://kr.sidiz.com/cdn/shop/files/MUUVE_m3.jpg
muuve,image,https://kr.sidiz.com/cdn/shop/files/WARRANTY_5.jpg
muuve,image,https://kr.sidiz.com/cdn/shop/files/f809a9ce6c24449bef25486d04f40c8f_12a7e474-841f-47aa-b549-8ec3535c75c7.jpg
muuve,poster,https://kr.sidiz.com/cdn/shop/files/preview_images/26986ad67dee4f47a56cd7aa5ce01453.thumbnail.0000000000_small.jpg
muuve,poster,https://kr.sidiz.com/cdn/shop/files/preview_images/366c8a6cf5e24d769bef6c6f714bf126.thumbnail.0000000000_small.jpg
muuve,poster,https://kr.sidiz.com/cdn/shop/files/preview_images/3b8a88f4ef1f456ea6b0e0a44daa366d.thumbnail.0000000000_small.jpg
muuve,image,https://kr.sidiz.com/cdn/shop/files/shop_pc.jpg
muuve,video,https://kr.sidiz.com/cdn/shop/videos/c/vp/26986ad67dee4f47a56cd7aa5ce01453/26986ad67dee4f47a56cd7aa5ce01453.HD-720p-4.5Mbps-66938350.mp4
muuve,video,https://kr.sidiz.com/cdn/shop/videos/c/vp/366c8a6cf5e24d769bef6c6f714bf126/366c8a6cf5e24d769bef6c6f714bf126.HD-720p-4.5Mbps-67322851.mp4
muuve,video,https://kr.sidiz.com/cdn/shop/videos/c/vp/3b8a88f4ef1f456ea6b0e0a44daa366d/3b8a88f4ef1f456ea6b0e0a44daa366d.HD-720p-4.5Mbps-66939605.mp4
oui,image,https://kr.sidiz.com/cdn/shop/files/1_f37f0206-0d2d-40d1-94bd-fb75455bb2bb.jpg
oui,image,https://kr.sidiz.com/cdn/shop/files/2_4a7fe014-d9d0-46ee-855c-b7b25889c01f.jpg
oui,image,https://kr.sidiz.com/cdn/shop/files/3_4d0ba866-213f-43df-b2b9-b3740790f7a0.jpg
oui,image,https://kr.sidiz.com/cdn/shop/files/4_2f75fe3c-8b55-4611-8aaf-999540f75b70.jpg
oui,image,https://kr.sidiz.com/cdn/shop/files/Head_0ff0bcc6-7dd8-4690-87b9-bcca2f23aca7.jpg
oui,image,https://kr.sidiz.com/cdn/shop/files/Head_M_832eeb34-2e71-4502-b681-882fde67f62a.jpg
oui,image,"https://kr.sidiz.com/cdn/shop/files/Img1_28e03b66-248f-4270-86f3-eaac421982d4.jpg,https://kr.sidiz.com/cdn/shop/files/Img2_010de9ff-1f3d-4498-96b0-cb45641884c2.jpg"
oui,image,"https://kr.sidiz.com/cdn/shop/files/Img1_7d78df68-48d4-4152-b3c1-0d31e063feb0.jpg,https://kr.sidiz.com/cdn/shop/files/Img2_25eebdd1-cc8a-4d9a-88a6-1be5a026859c.jpg"
oui,image,"https://kr.sidiz.com/cdn/shop/files/Img1_9cd1c950-afdf-4f20-af3c-6d4cafc90cc3.jpg,https://kr.sidiz.com/cdn/shop/files/Img2_23c05dba-5e37-444a-bb8d-7a6e1965cc5c.jpg"
oui,image,"https://kr.sidiz.com/cdn/shop/files/Img1_f950241b-5828-4686-996f-671dc3c3286e.jpg,https://kr.sidiz.com/cdn/shop/files/Img2_c3991644-543b-44d4-a55e-3e1925670232.jpg"
oui,image,https://kr.sidiz.com/cdn/shop/files/Img_a1382eec-afa8-470b-8859-610f3956dba3.jpg
oui,image,https://kr.sidiz.com/cdn/shop/files/M171EZ_01.jpg
oui,image,https://kr.sidiz.com/cdn/shop/files/M171EZ_02.jpg
oui,image,https://kr.sidiz.com/cdn/shop/files/M171EZ_fabric_01.jpg
oui,image,https://kr.sidiz.com/cdn/shop/files/M171EZ_fabric_02.jpg
oui,image,https://kr.sidiz.com/cdn/shop/files/M174E_01_7e1b9296-7c10-473a-935b-5b33e9e683ac.jpg
oui,image,https://kr.sidiz.com/cdn/shop/files/M174E_02_ea060322-c749-4c27-ba08-3354e264ab09.jpg
oui,image,https://kr.sidiz.com/cdn/shop/files/M174E_fabric_01.jpg
oui,image,https://kr.sidiz.com/cdn/shop/files/M174E_fabric_02.jpg
oui,image,https://kr.sidiz.com/cdn/shop/files/SIDIZ_160310_M17_____452_1.jpg
oui,image,https://kr.sidiz.com/cdn/shop/files/SIDIZ_211112_OUI___BW_1.jpg
oui,image,https://kr.sidiz.com/cdn/shop/files/SIDIZ_211216___OUI_MN174E_MID____371LBW_1.jpg
oui,image,https://kr.sidiz.com/cdn/shop/files/SIDIZ_211217___OUI_MN174E_MID____371LBW_1.jpg
oui,image,https://kr.sidiz.com/cdn/shop/files/SIDIZ_220824_26_M174E.jpg
oui,image,https://kr.sidiz.com/cdn/shop/files/WARRANTY_5.jpg
oui,image,https://kr.sidiz.com/cdn/shop/files/shop_pc.jpg
pillo,image,https://kr.sidiz.com/cdn/shop/files/Head_vw55.jpg
pillo,image,https://kr.sidiz.com/cdn/shop/files/M090_01.jpg
pillo,image,https://kr.sidiz.com/cdn/shop/files/M090_02.jpg
pillo,image,"https://kr.sidiz.com/cdn/shop/files/Pillo_option_1.jpg,https://kr.sidiz.com/cdn/shop/files/Pillo_option_1-2.jpg"
pillo,image,"https://kr.sidiz.com/cdn/shop/files/Pillo_option_2.jpg,https://kr.sidiz.com/cdn/shop/files/Pillo_option_2-1.jpg"
pillo,image,https://kr.sidiz.com/cdn/shop/files/article1.jpg
pillo,image,https://kr.sidiz.com/cdn/shop/files/article2.jpg
pillo,image,https://kr.sidiz.com/cdn/shop/files/article2_1.jpg
pillo,image,https://kr.sidiz.com/cdn/shop/files/article3.jpg
pillo,image,https://kr.sidiz.com/cdn/shop/files/article_1_eb918cb9-cf3a-4745-9e18-b9c3137b1369.jpg
pillo,image,https://kr.sidiz.com/cdn/shop/files/content_1.jpg
pillo,image,https://kr.sidiz.com/cdn/shop/files/content_2.jpg
pillo,image,https://kr.sidiz.com/cdn/shop/files/content_3.jpg
pillo,image,https://kr.sidiz.com/cdn/shop/files/content_4.jpg
pillo,image,https://kr.sidiz.com/cdn/shop/files/content_5.jpg
pillo,image,https://kr.sidiz.com/cdn/shop/files/pillo_HEAD_M.jpg
pillo,image,https://kr.sidiz.com/cdn/shop/files/pillo_Type_B-2_M.jpg
pillo,image,https://kr.sidiz.com/cdn/shop/files/shop_pc.jpg
plit,image,https://kr.sidiz.com/cdn/shop/files/AI_PLIT_05.png
plit,image,https://kr.sidiz.com/cdn/shop/files/AI_PLIT_09.png
plit,image,https://kr.sidiz.com/cdn/shop/files/AI_PLIT_14.png
plit,image,https://kr.sidiz.com/cdn/shop/files/AI_PLIT_15.png
plit,image,https://kr.sidiz.com/cdn/shop/files/Img_01_08c42136-2b13-4c18-a109-dfce0a0fc3af.jpg
plit,image,https://kr.sidiz.com/cdn/shop/files/Img_02_58a8f197-3e2e-4148-8b57-c9cec2f7a6a4.jpg
plit,image,https://kr.sidiz.com/cdn/shop/files/Img_03.jpg
plit,image,https://kr.sidiz.com/cdn/shop/files/Img_04.jpg
plit,image,https://kr.sidiz.com/cdn/shop/files/Img_05.jpg
plit,image,https://kr.sidiz.com/cdn/shop/files/Img_06.jpg
plit,image,https://kr.sidiz.com/cdn/shop/files/Img_07.jpg
plit,image,https://kr.sidiz.com/cdn/shop/files/Img_08.jpg
plit,image,https://kr.sidiz.com/cdn/shop/files/Img_09.jpg
plit,image,https://kr.sidiz.com/cdn/shop/files/Img_10.jpg
plit,image,https://kr.sidiz.com/cdn/shop/files/Img_11.jpg
plit,image,https://kr.sidiz.com/cdn/shop/files/Img_M_2.jpg
plit,image,https://kr.sidiz.com/cdn/shop/files/Img_M_3.jpg
plit,image,https://kr.sidiz.com/cdn/shop/files/Img_M_4.jpg
plit,image,https://kr.sidiz.com/cdn/shop/files/PLIT_01.jpg
plit,image,https://kr.sidiz.com/cdn/shop/files/PLIT_02.jpg
plit,image,https://kr.sidiz.com/cdn/shop/files/WARRANTY_5.jpg
plit,poster,https://kr.sidiz.com/cdn/shop/files/preview_images/5a7b78bfdf094ab88c8e401594d4d3be.thumbnail.0000000000_small.jpg
plit,poster,https://kr.sidiz.com/cdn/shop/files/preview_images/8571c73dc3864cb5957eb7a80b9777ae.thumbnail.0000000000_small.jpg
plit,poster,https://kr.sidiz.com/cdn/shop/files/preview_images/9d3fcbb351f14de18bc5b23f7aa2cfe2.thumbnail.0000000000_small.jpg
plit,poster,https://kr.sidiz.com/cdn/shop/files/preview_images/b42079ff197c4af6bff782fcd8ee4958.thumbnail.0000000000_small.jpg
plit,image,https://kr.sidiz.com/cdn/shop/files/shop_pc.jpg
plit,video,https://kr.sidiz.com/cdn/shop/videos/c/vp/5a7b78bfdf094ab88c8e401594d4d3be/5a7b78bfdf094ab88c8e401594d4d3be.HD-1080p-7.2Mbps-75199912.mp4
plit,video,https://kr.sidiz.com/cdn/shop/videos/c/vp/8571c73dc3864cb5957eb7a80b9777ae/8571c73dc3864cb5957eb7a80b9777ae.HD-720p-4.5Mbps-75200687.mp4
plit,video,https://kr.sidiz.com/cdn/shop/videos/c/vp/9d3fcbb351f14de18bc5b23f7aa2cfe2/9d3fcbb351f14de18bc5b23f7aa2cfe2.HD-1080p-7.2Mbps-75200032.mp4
plit,video,https://kr.sidiz.com/cdn/shop/videos/c/vp/b42079ff197c4af6bff782fcd8ee4958/b42079ff197c4af6bff782fcd8ee4958.HD-720p-4.5Mbps-75201047.mp4
ringo-gen2,image,https://kr.sidiz.com/cdn/shop/files/BLOCK-RING-NOTICE.jpg
ringo-gen2,image,https://kr.sidiz.com/cdn/shop/files/DSC7130.png
ringo-gen2,image,https://kr.sidiz.com/cdn/shop/files/DSC7269_d61ebf65-4fec-4a1f-b95d-d178236bdb96.png
ringo-gen2,image,https://kr.sidiz.com/cdn/shop/files/Group_1000006327_fc6d763c-f916-43c2-99d3-5a3a79f571af.jpg
ringo-gen2,image,https://kr.sidiz.com/cdn/shop/files/RINGO-2-NOTICE.jpg
ringo-gen2,image,https://kr.sidiz.com/cdn/shop/files/RINGO2.jpg
ringo-gen2,image,https://kr.sidiz.com/cdn/shop/files/RINGO2_03-3.jpg
ringo-gen2,image,https://kr.sidiz.com/cdn/shop/files/RINGO2_03-6_01ee5875-5fc2-4c6d-a025-2c55f790b969.jpg
ringo-gen2,image,https://kr.sidiz.com/cdn/shop/files/RINGO2_05-1.jpg
ringo-gen2,image,https://kr.sidiz.com/cdn/shop/files/RINGO2_05-2.jpg
ringo-gen2,image,https://kr.sidiz.com/cdn/shop/files/RINGO2_05-3.jpg
ringo-gen2,image,https://kr.sidiz.com/cdn/shop/files/RINGO2_M_64bf61f1-215c-43af-ad7e-8d16d3b69356.jpg
ringo-gen2,image,https://kr.sidiz.com/cdn/shop/files/RINGO2__1_1__01_493b1080-30cf-4fe2-b611-97f7014d0cf3.jpg
ringo-gen2,image,https://kr.sidiz.com/cdn/shop/files/RINGO2__1_1__05.jpg
ringo-gen2,image,https://kr.sidiz.com/cdn/shop/files/TREVO_NOTIC.jpg
ringo-gen2,image,https://kr.sidiz.com/cdn/shop/files/WARRANTY_5.jpg
ringo-gen2,image,https://kr.sidiz.com/cdn/shop/files/dsc7203.png
ringo-gen2,poster,https://kr.sidiz.com/cdn/shop/files/preview_images/0675e0dc7ab44898ab4e3209b0e2b5ed.thumbnail.0000000000_small.jpg
ringo-gen2,poster,https://kr.sidiz.com/cdn/shop/files/preview_images/18bc780b16ae4e9982b3a4e02f9807cb.thumbnail.0000000000_small.jpg
ringo-gen2,poster,https://kr.sidiz.com/cdn/shop/files/preview_images/5ba22d5763294d14be24adfc1feeb4f8.thumbnail.0000000000_small.jpg
ringo-gen2,poster,https://kr.sidiz.com/cdn/shop/files/preview_images/83fd851c93704cf19addf88e1de510fc.thumbnail.0000000000_small.jpg
ringo-gen2,poster,https://kr.sidiz.com/cdn/shop/files/preview_images/b67a41864418473bb90f6f7c2ad987ee.thumbnail.0000000000_small.jpg
ringo-gen2,poster,https://kr.sidiz.com/cdn/shop/files/preview_images/b6b32917b3e54142853dcf8c21ea101c.thumbnail.0000000000_small.jpg
ringo-gen2,poster,https://kr.sidiz.com/cdn/shop/files/preview_images/cffe9eb0747642d7a0ffdedaaec421ed.thumbnail.0000000000_small.jpg
ringo-gen2,image,https://kr.sidiz.com/cdn/shop/files/ringo_2__01_73d328a2-2024-436e-a1a7-c8e15c91bf03.jpg
ringo-gen2,image,https://kr.sidiz.com/cdn/shop/files/ringo_2__02_632cc804-385a-43ed-83d2-173910e99fca.jpg
ringo-gen2,image,https://kr.sidiz.com/cdn/shop/files/shop_pc.jpg
ringo-gen2,video,https://kr.sidiz.com/cdn/shop/videos/c/vp/0675e0dc7ab44898ab4e3209b0e2b5ed/0675e0dc7ab44898ab4e3209b0e2b5ed.HD-1080p-4.8Mbps-40951798.mp4
ringo-gen2,video,https://kr.sidiz.com/cdn/shop/videos/c/vp/18bc780b16ae4e9982b3a4e02f9807cb/18bc780b16ae4e9982b3a4e02f9807cb.HD-1080p-4.8Mbps-40951610.mp4
ringo-gen2,video,https://kr.sidiz.com/cdn/shop/videos/c/vp/5ba22d5763294d14be24adfc1feeb4f8/5ba22d5763294d14be24adfc1feeb4f8.HD-1080p-4.8Mbps-40951797.mp4
ringo-gen2,video,https://kr.sidiz.com/cdn/shop/videos/c/vp/83fd851c93704cf19addf88e1de510fc/83fd851c93704cf19addf88e1de510fc.SD-480p-0.9Mbps-40953278.mp4
ringo-gen2,video,https://kr.sidiz.com/cdn/shop/videos/c/vp/b67a41864418473bb90f6f7c2ad987ee/b67a41864418473bb90f6f7c2ad987ee.HD-1080p-4.8Mbps-40951608.mp4
ringo-gen2,video,https://kr.sidiz.com/cdn/shop/videos/c/vp/b6b32917b3e54142853dcf8c21ea101c/b6b32917b3e54142853dcf8c21ea101c.HD-720p-1.6Mbps-40945621.mp4
ringo-gen2,video,https://kr.sidiz.com/cdn/shop/videos/c/vp/cffe9eb0747642d7a0ffdedaaec421ed/cffe9eb0747642d7a0ffdedaaec421ed.SD-480p-1.5Mbps-40611002.mp4
stepo-footrest,image,https://kr.sidiz.com/cdn/shop/files/Img_1_1__01.jpg
stepo-footrest,image,https://kr.sidiz.com/cdn/shop/files/Img_1_1__02.jpg
stepo-footrest,image,https://kr.sidiz.com/cdn/shop/files/Img_1_1__03.jpg
stepo-footrest,image,https://kr.sidiz.com/cdn/shop/files/Img_1_1__04.jpg
stepo-footrest,image,https://kr.sidiz.com/cdn/shop/files/SB01F1_01_46a485bb-823a-4f5e-8f03-aaa387bba990.jpg
stepo-footrest,image,https://kr.sidiz.com/cdn/shop/files/SB01F1_02_e6e935e3-8a8f-4286-bba3-e06cdece4e6d.jpg
stepo-footrest,image,https://kr.sidiz.com/cdn/shop/files/STEPO_01-0_1215c474-f2ef-41f1-bba0-608b10bc0a76.jpg
stepo-footrest,image,https://kr.sidiz.com/cdn/shop/files/STEPO_01-1.jpg
stepo-footrest,image,https://kr.sidiz.com/cdn/shop/files/STEPO_01-2_0fdfffca-ae5a-4e8f-93fa-bb60bb359ea8.jpg
stepo-footrest,image,https://kr.sidiz.com/cdn/shop/files/STEPO_01-3.jpg
stepo-footrest,image,https://kr.sidiz.com/cdn/shop/files/STEPO_02-1.jpg
stepo-footrest,image,https://kr.sidiz.com/cdn/shop/files/STEPO_02-2.jpg
stepo-footrest,image,https://kr.sidiz.com/cdn/shop/files/STEPO_02_1d909b54-1b11-4951-a6c3-49eee1c74944.jpg
stepo-footrest,image,https://kr.sidiz.com/cdn/shop/files/STEPO_1_1__01.jpg
stepo-footrest,image,https://kr.sidiz.com/cdn/shop/files/STEPO_1_1__02.jpg
stepo-footrest,image,https://kr.sidiz.com/cdn/shop/files/STEPO_1_1__03.jpg
stepo-footrest,image,https://kr.sidiz.com/cdn/shop/files/STEPO_1_1__04.jpg
stepo-footrest,image,https://kr.sidiz.com/cdn/shop/files/STEPO_Head.jpg
stepo-footrest,image,https://kr.sidiz.com/cdn/shop/files/STEPO_Head_M.jpg
stepo-footrest,image,"https://kr.sidiz.com/cdn/shop/files/STEPO_Option1.jpg,https://kr.sidiz.com/cdn/shop/files/STEPO_Option1-1.jpg"
stepo-footrest,image,"https://kr.sidiz.com/cdn/shop/files/STEPO_Option2.jpg,https://kr.sidiz.com/cdn/shop/files/STEPO_Option2-1.jpg"
stepo-footrest,image,https://kr.sidiz.com/cdn/shop/files/shop_pc.jpg
t20,image,https://kr.sidiz.com/cdn/shop/files/BLOCK-EGA-NOTICE.jpg
t20,image,https://kr.sidiz.com/cdn/shop/files/FYF_01.jpg
t20,image,https://kr.sidiz.com/cdn/shop/files/FYF_02.jpg
t20,image,https://kr.sidiz.com/cdn/shop/files/FYF_03.jpg
t20,image,https://kr.sidiz.com/cdn/shop/files/Head_M_b93afb2d-da1a-4cdc-b850-b7e03df12f84.jpg
t20,image,https://kr.sidiz.com/cdn/shop/files/Img_1_1__2.jpg
t20,image,https://kr.sidiz.com/cdn/shop/files/Img_1_1__3.jpg
t20,image,https://kr.sidiz.com/cdn/shop/files/Img_1_1__4.jpg
t20,image,https://kr.sidiz.com/cdn/shop/files/Img_1_1_bb1c4656-82a9-4c40-8ade-1e4e96a2e489.jpg
t20,image,https://kr.sidiz.com/cdn/shop/files/T20-2_01_6b011859-3f21-4896-a267-ea8ea1e36b8c.jpg
t20,image,https://kr.sidiz.com/cdn/shop/files/T20-2_02_58937322-e61d-497b-9d5e-c1fdbc4f69d9.jpg
t20,image,https://kr.sidiz.com/cdn/shop/files/T20_01-2_09c24698-26b6-4df5-ba37-70081df5cf3f.jpg
t20,image,https://kr.sidiz.com/cdn/shop/files/T20_01-3.jpg
t20,image,https://kr.sidiz.com/cdn/shop/files/T20_05-1_a894de61-3900-41a6-9b82-5bcdb7338355.jpg
t20,image,https://kr.sidiz.com/cdn/shop/files/T20_05-2.jpg
t20,image,https://kr.sidiz.com/cdn/shop/files/T20_05-3.jpg
t20,image,https://kr.sidiz.com/cdn/shop/files/T20_05-4.jpg
t20,image,https://kr.sidiz.com/cdn/shop/files/WARRANTY_5.jpg
t20,image,https://kr.sidiz.com/cdn/shop/files/pc_1.png
t20,poster,https://kr.sidiz.com/cdn/shop/files/preview_images/0c7eafe7c30f400288356224357d4f52.thumbnail.0000000000_small.jpg
t20,poster,https://kr.sidiz.com/cdn/shop/files/preview_images/0eac5fb3a248488f8e879f7be0c8b883.thumbnail.0000000000_small.jpg
t20,poster,https://kr.sidiz.com/cdn/shop/files/preview_images/191efc71976f437a98810e4285cc4c15.thumbnail.0000000000_small.jpg
t20,poster,https://kr.sidiz.com/cdn/shop/files/preview_images/2f95f20b864b4eef928f3beb6e3eb76a.thumbnail.0000000000_small.jpg
t20,poster,https://kr.sidiz.com/cdn/shop/files/preview_images/8095649bdcd648b1928a3982e74a93d4.thumbnail.0000000000_small.jpg
t20,poster,https://kr.sidiz.com/cdn/shop/files/preview_images/adb1d34a3924461795364ccc48ee6161.thumbnail.0000000000_small.jpg
t20,poster,https://kr.sidiz.com/cdn/shop/files/preview_images/b1263fd05f114e24b4adda9ac9b11642.thumbnail.0000000000_small.jpg
t20,poster,https://kr.sidiz.com/cdn/shop/files/preview_images/b7906d553fd543bd85374b7b6c83fc5f.thumbnail.0000000000_small.jpg
t20,poster,https://kr.sidiz.com/cdn/shop/files/preview_images/ca6af8d9ca7e402f8b66cc2b0be24feb.thumbnail.0000000000_small.jpg
t20,poster,https://kr.sidiz.com/cdn/shop/files/preview_images/fd2a7f5a6ffc4786abfbe1d9a0fa3624.thumbnail.0000000000_small.jpg
t20,image,https://kr.sidiz.com/cdn/shop/files/shop_pc.jpg
t20,video,https://kr.sidiz.com/cdn/shop/videos/c/vp/0c7eafe7c30f400288356224357d4f52/0c7eafe7c30f400288356224357d4f52.SD-480p-1.5Mbps-40616916.mp4
t20,video,https://kr.sidiz.com/cdn/shop/videos/c/vp/0eac5fb3a248488f8e879f7be0c8b883/0eac5fb3a248488f8e879f7be0c8b883.HD-1080p-7.2Mbps-41014009.mp4
t20,video,https://kr.sidiz.com/cdn/shop/videos/c/vp/191efc71976f437a98810e4285cc4c15/191efc71976f437a98810e4285cc4c15.HD-1080p-7.2Mbps-41014072.mp4
t20,video,https://kr.sidiz.com/cdn/shop/videos/c/vp/2f95f20b864b4eef928f3beb6e3eb76a/2f95f20b864b4eef928f3beb6e3eb76a.SD-480p-1.5Mbps-40616917.mp4
t20,video,https://kr.sidiz.com/cdn/shop/videos/c/vp/8095649bdcd648b1928a3982e74a93d4/8095649bdcd648b1928a3982e74a93d4.SD-480p-0.9Mbps-41014067.mp4
t20,video,https://kr.sidiz.com/cdn/shop/videos/c/vp/adb1d34a3924461795364ccc48ee6161/adb1d34a3924461795364ccc48ee6161.HD-1080p-7.2Mbps-41014066.mp4
t20,video,https://kr.sidiz.com/cdn/shop/videos/c/vp/b1263fd05f114e24b4adda9ac9b11642/b1263fd05f114e24b4adda9ac9b11642.SD-480p-1.5Mbps-40616915.mp4
t20,video,https://kr.sidiz.com/cdn/shop/videos/c/vp/b7906d553fd543bd85374b7b6c83fc5f/b7906d553fd543bd85374b7b6c83fc5f.HD-1080p-4.8Mbps-40956440.mp4
t20,video,https://kr.sidiz.com/cdn/shop/videos/c/vp/ca6af8d9ca7e402f8b66cc2b0be24feb/ca6af8d9ca7e402f8b66cc2b0be24feb.HD-1080p-7.2Mbps-41014010.mp4
t20,video,https://kr.sidiz.com/cdn/shop/videos/c/vp/fd2a7f5a6ffc4786abfbe1d9a0fa3624/fd2a7f5a6ffc4786abfbe1d9a0fa3624.HD-1080p-3.3Mbps-40956439.mp4
t50-2,image,https://kr.sidiz.com/cdn/shop/files/0bb9f4ff25f1cdf3c1a8fb3eaaa0c322.jpg
t50-2,image,https://kr.sidiz.com/cdn/shop/files/2026-07-05_14.06.34.png
t50-2,image,https://kr.sidiz.com/cdn/shop/files/2026-07-05_14.07.15.png
t50-2,image,https://kr.sidiz.com/cdn/shop/files/2026-07-05_14.08.24.png
t50-2,image,https://kr.sidiz.com/cdn/shop/files/2026-07-05_14.08.56.png
t50-2,image,https://kr.sidiz.com/cdn/shop/files/2026-07-05_14.12.22.png
t50-2,image,https://kr.sidiz.com/cdn/shop/files/401bceb1cd3281a9696cc523160ad0cd.jpg
t50-2,image,https://kr.sidiz.com/cdn/shop/files/8cb2ce110be6921d277f7f19cdc7c04c.jpg
t50-2,image,https://kr.sidiz.com/cdn/shop/files/BLOCK-EGA-NOTICE.jpg
t50-2,image,https://kr.sidiz.com/cdn/shop/files/Img2_f746652c-719b-4616-9a41-6d5f36fc68e0.jpg
t50-2,image,https://kr.sidiz.com/cdn/shop/files/T502_T501_web-1_45b23df2-fe25-4ab1-8e4b-2a07ccf0a559.png
t50-2,image,https://kr.sidiz.com/cdn/shop/files/T502_T501_web-2_ed88e478-017e-4686-8ea0-d89394da87d3.png
t50-2,image,https://kr.sidiz.com/cdn/shop/files/T50_7c4bc130-e61f-49f7-a7be-a1d11932b674.png
t50-2,image,https://kr.sidiz.com/cdn/shop/files/T50_S__1.png
t50-2,image,https://kr.sidiz.com/cdn/shop/files/T51HLDA0KK_01.jpg
t50-2,image,https://kr.sidiz.com/cdn/shop/files/T51HLDA0KK_02.jpg
t50-2,image,https://kr.sidiz.com/cdn/shop/files/WARRANTY_5.jpg
t50-2,image,https://kr.sidiz.com/cdn/shop/files/f5f81e8ac28906104e8a323564484a17.jpg
t50-2,image,https://kr.sidiz.com/cdn/shop/files/pc_1.png
t50-2,poster,https://kr.sidiz.com/cdn/shop/files/preview_images/18f412bb136d4b73bd01c305f94ae414.thumbnail.0000000000_small.jpg
t50-2,poster,https://kr.sidiz.com/cdn/shop/files/preview_images/29b55f14ead64a3f8228c67b95afe8dc.thumbnail.0000000000_small.jpg
t50-2,poster,https://kr.sidiz.com/cdn/shop/files/preview_images/2e862efef722422ba97d03f8be3e1eb2.thumbnail.0000000000_small.jpg
t50-2,poster,https://kr.sidiz.com/cdn/shop/files/preview_images/2fc6ac7be44d4a78bf9feaaf4b7d224f.thumbnail.0000000000_small.jpg
t50-2,poster,https://kr.sidiz.com/cdn/shop/files/preview_images/3c3449baafcb457fb2ecc4d5ac66360e.thumbnail.0000000000_small.jpg
t50-2,poster,https://kr.sidiz.com/cdn/shop/files/preview_images/5110530e20dd42798db2581861369556.thumbnail.0000000000_small.jpg
t50-2,poster,https://kr.sidiz.com/cdn/shop/files/preview_images/71cf1da88479417ea1d6f9f7ca8d6cec.thumbnail.0000000000_small.jpg
t50-2,poster,https://kr.sidiz.com/cdn/shop/files/preview_images/7b3e9de3fecf43c4a63383ca8e2a156e.thumbnail.0000000000_small.jpg
t50-2,poster,https://kr.sidiz.com/cdn/shop/files/preview_images/7e273350bc3641cbaed200e9dae43dca.thumbnail.0000000000_small.jpg
t50-2,poster,https://kr.sidiz.com/cdn/shop/files/preview_images/8533b757e10c4eccbf2391db07c6cb41.thumbnail.0000000000_small.jpg
t50-2,poster,https://kr.sidiz.com/cdn/shop/files/preview_images/91478640760643fdb2c201e0478c8884.thumbnail.0000000000_small.jpg
t50-2,poster,https://kr.sidiz.com/cdn/shop/files/preview_images/9720e682fc384f499d0d13188e20bedf.thumbnail.0000000000_small.jpg
t50-2,poster,https://kr.sidiz.com/cdn/shop/files/preview_images/9f27dee664044d0bae16e1fde7eec626.thumbnail.0000000000_small.jpg
t50-2,poster,https://kr.sidiz.com/cdn/shop/files/preview_images/be538a49271f4420a44487bad3d2b7da.thumbnail.0000000000_small.jpg
t50-2,poster,https://kr.sidiz.com/cdn/shop/files/preview_images/d00c8cf2c9d54302a97c3d11fda26c8a.thumbnail.0000000000_small.jpg
t50-2,poster,https://kr.sidiz.com/cdn/shop/files/preview_images/f02b76e3f88c413bafefbb762de2d909.thumbnail.0000000000_small.jpg
t50-2,poster,https://kr.sidiz.com/cdn/shop/files/preview_images/f22bf344b9ed4e1bb29879c1fa78b9da.thumbnail.0000000000_small.jpg
t50-2,poster,https://kr.sidiz.com/cdn/shop/files/preview_images/fd2c5226e7bc4477b00d7c655e365fb1.thumbnail.0000000000_small.jpg
t50-2,video,https://kr.sidiz.com/cdn/shop/videos/c/vp/18f412bb136d4b73bd01c305f94ae414/18f412bb136d4b73bd01c305f94ae414.HD-1080p-7.2Mbps-88202354.mp4
t50-2,video,https://kr.sidiz.com/cdn/shop/videos/c/vp/29b55f14ead64a3f8228c67b95afe8dc/29b55f14ead64a3f8228c67b95afe8dc.HD-1080p-7.2Mbps-88039623.mp4
t50-2,video,https://kr.sidiz.com/cdn/shop/videos/c/vp/2e862efef722422ba97d03f8be3e1eb2/2e862efef722422ba97d03f8be3e1eb2.HD-1080p-4.8Mbps-88143127.mp4
t50-2,video,https://kr.sidiz.com/cdn/shop/videos/c/vp/2fc6ac7be44d4a78bf9feaaf4b7d224f/2fc6ac7be44d4a78bf9feaaf4b7d224f.HD-1080p-7.2Mbps-88202556.mp4
t50-2,video,https://kr.sidiz.com/cdn/shop/videos/c/vp/3c3449baafcb457fb2ecc4d5ac66360e/3c3449baafcb457fb2ecc4d5ac66360e.HD-1080p-7.2Mbps-88196343.mp4
t50-2,video,https://kr.sidiz.com/cdn/shop/videos/c/vp/5110530e20dd42798db2581861369556/5110530e20dd42798db2581861369556.HD-1080p-7.2Mbps-88964623.mp4
t50-2,video,https://kr.sidiz.com/cdn/shop/videos/c/vp/71cf1da88479417ea1d6f9f7ca8d6cec/71cf1da88479417ea1d6f9f7ca8d6cec.HD-1080p-7.2Mbps-88038615.mp4
t50-2,video,https://kr.sidiz.com/cdn/shop/videos/c/vp/7b3e9de3fecf43c4a63383ca8e2a156e/7b3e9de3fecf43c4a63383ca8e2a156e.HD-1080p-7.2Mbps-88040822.mp4
t50-2,video,https://kr.sidiz.com/cdn/shop/videos/c/vp/7e273350bc3641cbaed200e9dae43dca/7e273350bc3641cbaed200e9dae43dca.HD-720p-4.5Mbps-88880974.mp4
t50-2,video,https://kr.sidiz.com/cdn/shop/videos/c/vp/8533b757e10c4eccbf2391db07c6cb41/8533b757e10c4eccbf2391db07c6cb41.HD-1080p-7.2Mbps-88040684.mp4
t50-2,video,https://kr.sidiz.com/cdn/shop/videos/c/vp/91478640760643fdb2c201e0478c8884/91478640760643fdb2c201e0478c8884.HD-720p-2.1Mbps-88142988.mp4
t50-2,video,https://kr.sidiz.com/cdn/shop/videos/c/vp/9720e682fc384f499d0d13188e20bedf/9720e682fc384f499d0d13188e20bedf.HD-1080p-7.2Mbps-88042321.mp4
t50-2,video,https://kr.sidiz.com/cdn/shop/videos/c/vp/9f27dee664044d0bae16e1fde7eec626/9f27dee664044d0bae16e1fde7eec626.HD-1080p-7.2Mbps-88880886.mp4
t50-2,video,https://kr.sidiz.com/cdn/shop/videos/c/vp/be538a49271f4420a44487bad3d2b7da/be538a49271f4420a44487bad3d2b7da.HD-1080p-7.2Mbps-88142944.mp4
t50-2,video,https://kr.sidiz.com/cdn/shop/videos/c/vp/d00c8cf2c9d54302a97c3d11fda26c8a/d00c8cf2c9d54302a97c3d11fda26c8a.HD-1080p-7.2Mbps-88880912.mp4
t50-2,video,https://kr.sidiz.com/cdn/shop/videos/c/vp/f02b76e3f88c413bafefbb762de2d909/f02b76e3f88c413bafefbb762de2d909.HD-1080p-7.2Mbps-88040728.mp4
t50-2,video,https://kr.sidiz.com/cdn/shop/videos/c/vp/f22bf344b9ed4e1bb29879c1fa78b9da/f22bf344b9ed4e1bb29879c1fa78b9da.HD-1080p-7.2Mbps-88040109.mp4
t50-2,video,https://kr.sidiz.com/cdn/shop/videos/c/vp/fd2c5226e7bc4477b00d7c655e365fb1/fd2c5226e7bc4477b00d7c655e365fb1.HD-1080p-7.2Mbps-88040316.mp4
t50-air-2,image,https://kr.sidiz.com/cdn/shop/files/0bb9f4ff25f1cdf3c1a8fb3eaaa0c322.jpg
t50-air-2,image,https://kr.sidiz.com/cdn/shop/files/2026-07-05_14.06.34.png
t50-air-2,image,https://kr.sidiz.com/cdn/shop/files/2026-07-05_14.07.15.png
t50-air-2,image,https://kr.sidiz.com/cdn/shop/files/2026-07-05_14.08.24.png
t50-air-2,image,https://kr.sidiz.com/cdn/shop/files/2026-07-05_14.08.56.png
t50-air-2,image,https://kr.sidiz.com/cdn/shop/files/2026-07-05_14.12.22.png
t50-air-2,image,https://kr.sidiz.com/cdn/shop/files/401bceb1cd3281a9696cc523160ad0cd.jpg
t50-air-2,image,https://kr.sidiz.com/cdn/shop/files/BLOCK-EGA-NOTICE.jpg
t50-air-2,image,https://kr.sidiz.com/cdn/shop/files/Img2_f746652c-719b-4616-9a41-6d5f36fc68e0.jpg
t50-air-2,image,https://kr.sidiz.com/cdn/shop/files/Img3_311d07fd-09dc-411a-b8e0-e628f395da27.jpg
t50-air-2,image,https://kr.sidiz.com/cdn/shop/files/T501_T502_Air_web-1_8cb862be-33f6-4d22-95fe-b2d096dbfc34.png
t50-air-2,image,https://kr.sidiz.com/cdn/shop/files/T502_T501_Air_web-2_7f730434-1777-4ffb-96a5-e9c69b46fbe2.png
t50-air-2,image,https://kr.sidiz.com/cdn/shop/files/T50_7c4bc130-e61f-49f7-a7be-a1d11932b674.png
t50-air-2,image,https://kr.sidiz.com/cdn/shop/files/T50_S__1.png
t50-air-2,image,https://kr.sidiz.com/cdn/shop/files/T53HLDA0KK_01.jpg
t50-air-2,image,https://kr.sidiz.com/cdn/shop/files/T53HLDA0KK_02.jpg
t50-air-2,image,https://kr.sidiz.com/cdn/shop/files/WARRANTY_5.jpg
t50-air-2,image,https://kr.sidiz.com/cdn/shop/files/pc_1.png
t50-air-2,poster,https://kr.sidiz.com/cdn/shop/files/preview_images/18f412bb136d4b73bd01c305f94ae414.thumbnail.0000000000_small.jpg
t50-air-2,poster,https://kr.sidiz.com/cdn/shop/files/preview_images/24a0efbf1d8843bcb907653feef49d32.thumbnail.0000000000_small.jpg
t50-air-2,poster,https://kr.sidiz.com/cdn/shop/files/preview_images/29b55f14ead64a3f8228c67b95afe8dc.thumbnail.0000000000_small.jpg
t50-air-2,poster,https://kr.sidiz.com/cdn/shop/files/preview_images/2e862efef722422ba97d03f8be3e1eb2.thumbnail.0000000000_small.jpg
t50-air-2,poster,https://kr.sidiz.com/cdn/shop/files/preview_images/2fc6ac7be44d4a78bf9feaaf4b7d224f.thumbnail.0000000000_small.jpg
t50-air-2,poster,https://kr.sidiz.com/cdn/shop/files/preview_images/3c3449baafcb457fb2ecc4d5ac66360e.thumbnail.0000000000_small.jpg
t50-air-2,poster,https://kr.sidiz.com/cdn/shop/files/preview_images/5110530e20dd42798db2581861369556.thumbnail.0000000000_small.jpg
t50-air-2,poster,https://kr.sidiz.com/cdn/shop/files/preview_images/71cf1da88479417ea1d6f9f7ca8d6cec.thumbnail.0000000000_small.jpg
t50-air-2,poster,https://kr.sidiz.com/cdn/shop/files/preview_images/7b3e9de3fecf43c4a63383ca8e2a156e.thumbnail.0000000000_small.jpg
t50-air-2,poster,https://kr.sidiz.com/cdn/shop/files/preview_images/7e273350bc3641cbaed200e9dae43dca.thumbnail.0000000000_small.jpg
t50-air-2,poster,https://kr.sidiz.com/cdn/shop/files/preview_images/8533b757e10c4eccbf2391db07c6cb41.thumbnail.0000000000_small.jpg
t50-air-2,poster,https://kr.sidiz.com/cdn/shop/files/preview_images/91478640760643fdb2c201e0478c8884.thumbnail.0000000000_small.jpg
t50-air-2,poster,https://kr.sidiz.com/cdn/shop/files/preview_images/9f27dee664044d0bae16e1fde7eec626.thumbnail.0000000000_small.jpg
t50-air-2,poster,https://kr.sidiz.com/cdn/shop/files/preview_images/be538a49271f4420a44487bad3d2b7da.thumbnail.0000000000_small.jpg
t50-air-2,poster,https://kr.sidiz.com/cdn/shop/files/preview_images/d00c8cf2c9d54302a97c3d11fda26c8a.thumbnail.0000000000_small.jpg
t50-air-2,poster,https://kr.sidiz.com/cdn/shop/files/preview_images/f02b76e3f88c413bafefbb762de2d909.thumbnail.0000000000_small.jpg
t50-air-2,poster,https://kr.sidiz.com/cdn/shop/files/preview_images/f22bf344b9ed4e1bb29879c1fa78b9da.thumbnail.0000000000_small.jpg
t50-air-2,poster,https://kr.sidiz.com/cdn/shop/files/preview_images/fd2c5226e7bc4477b00d7c655e365fb1.thumbnail.0000000000_small.jpg
t50-air-2,video,https://kr.sidiz.com/cdn/shop/videos/c/vp/18f412bb136d4b73bd01c305f94ae414/18f412bb136d4b73bd01c305f94ae414.HD-1080p-7.2Mbps-88202354.mp4
t50-air-2,video,https://kr.sidiz.com/cdn/shop/videos/c/vp/24a0efbf1d8843bcb907653feef49d32/24a0efbf1d8843bcb907653feef49d32.HD-1080p-7.2Mbps-76611715.mp4
t50-air-2,video,https://kr.sidiz.com/cdn/shop/videos/c/vp/29b55f14ead64a3f8228c67b95afe8dc/29b55f14ead64a3f8228c67b95afe8dc.HD-1080p-7.2Mbps-88039623.mp4
t50-air-2,video,https://kr.sidiz.com/cdn/shop/videos/c/vp/2e862efef722422ba97d03f8be3e1eb2/2e862efef722422ba97d03f8be3e1eb2.HD-1080p-4.8Mbps-88143127.mp4
t50-air-2,video,https://kr.sidiz.com/cdn/shop/videos/c/vp/2fc6ac7be44d4a78bf9feaaf4b7d224f/2fc6ac7be44d4a78bf9feaaf4b7d224f.HD-1080p-7.2Mbps-88202556.mp4
t50-air-2,video,https://kr.sidiz.com/cdn/shop/videos/c/vp/3c3449baafcb457fb2ecc4d5ac66360e/3c3449baafcb457fb2ecc4d5ac66360e.HD-1080p-7.2Mbps-88196343.mp4
t50-air-2,video,https://kr.sidiz.com/cdn/shop/videos/c/vp/5110530e20dd42798db2581861369556/5110530e20dd42798db2581861369556.HD-1080p-7.2Mbps-88964623.mp4
t50-air-2,video,https://kr.sidiz.com/cdn/shop/videos/c/vp/71cf1da88479417ea1d6f9f7ca8d6cec/71cf1da88479417ea1d6f9f7ca8d6cec.HD-1080p-7.2Mbps-88038615.mp4
t50-air-2,video,https://kr.sidiz.com/cdn/shop/videos/c/vp/7b3e9de3fecf43c4a63383ca8e2a156e/7b3e9de3fecf43c4a63383ca8e2a156e.HD-1080p-7.2Mbps-88040822.mp4
t50-air-2,video,https://kr.sidiz.com/cdn/shop/videos/c/vp/7e273350bc3641cbaed200e9dae43dca/7e273350bc3641cbaed200e9dae43dca.HD-720p-4.5Mbps-88880974.mp4
t50-air-2,video,https://kr.sidiz.com/cdn/shop/videos/c/vp/8533b757e10c4eccbf2391db07c6cb41/8533b757e10c4eccbf2391db07c6cb41.HD-1080p-7.2Mbps-88040684.mp4
t50-air-2,video,https://kr.sidiz.com/cdn/shop/videos/c/vp/91478640760643fdb2c201e0478c8884/91478640760643fdb2c201e0478c8884.HD-720p-2.1Mbps-88142988.mp4
t50-air-2,video,https://kr.sidiz.com/cdn/shop/videos/c/vp/9f27dee664044d0bae16e1fde7eec626/9f27dee664044d0bae16e1fde7eec626.HD-1080p-7.2Mbps-88880886.mp4
t50-air-2,video,https://kr.sidiz.com/cdn/shop/videos/c/vp/be538a49271f4420a44487bad3d2b7da/be538a49271f4420a44487bad3d2b7da.HD-1080p-7.2Mbps-88142944.mp4
t50-air-2,video,https://kr.sidiz.com/cdn/shop/videos/c/vp/d00c8cf2c9d54302a97c3d11fda26c8a/d00c8cf2c9d54302a97c3d11fda26c8a.HD-1080p-7.2Mbps-88880912.mp4
t50-air-2,video,https://kr.sidiz.com/cdn/shop/videos/c/vp/f02b76e3f88c413bafefbb762de2d909/f02b76e3f88c413bafefbb762de2d909.HD-1080p-7.2Mbps-88040728.mp4
t50-air-2,video,https://kr.sidiz.com/cdn/shop/videos/c/vp/f22bf344b9ed4e1bb29879c1fa78b9da/f22bf344b9ed4e1bb29879c1fa78b9da.HD-1080p-7.2Mbps-88040109.mp4
t50-air-2,video,https://kr.sidiz.com/cdn/shop/videos/c/vp/fd2c5226e7bc4477b00d7c655e365fb1/fd2c5226e7bc4477b00d7c655e365fb1.HD-1080p-7.2Mbps-88040316.mp4
t60-air,image,https://kr.sidiz.com/cdn/shop/files/1_2948692c-e306-4ebe-98d8-6b52efc5c382.jpg
t60-air,image,https://kr.sidiz.com/cdn/shop/files/2_6a385863-a7a4-4b81-a4ed-d6bd154802f5.jpg
t60-air,image,https://kr.sidiz.com/cdn/shop/files/65ca39dbc012e5295e685b25700d0384.jpg
t60-air,image,https://kr.sidiz.com/cdn/shop/files/FIT_1.jpg
t60-air,image,https://kr.sidiz.com/cdn/shop/files/FIT_2.jpg
t60-air,image,https://kr.sidiz.com/cdn/shop/files/FIT_3.jpg
t60-air,image,https://kr.sidiz.com/cdn/shop/files/FIT_4.jpg
t60-air,image,https://kr.sidiz.com/cdn/shop/files/FIT_5.jpg
t60-air,image,https://kr.sidiz.com/cdn/shop/files/Head_55475f12-39a1-417e-902a-b8633cd023a9.jpg
t60-air,image,https://kr.sidiz.com/cdn/shop/files/Img2_f746652c-719b-4616-9a41-6d5f36fc68e0.jpg
t60-air,image,https://kr.sidiz.com/cdn/shop/files/Img3_1a455ad4-adab-468d-9c31-2807c8ec5e59.jpg
t60-air,image,https://kr.sidiz.com/cdn/shop/files/Img3_be636555-44a5-4b22-ac7d-18eea6b0bf79.jpg
t60-air,image,https://kr.sidiz.com/cdn/shop/files/Img_1_1_572cfccb-8de5-4541-beb8-cfc09915fcf6.jpg
t60-air,image,https://kr.sidiz.com/cdn/shop/files/Img_4_3_3.jpg
t60-air,image,https://kr.sidiz.com/cdn/shop/files/Img_4_3_4.jpg
t60-air,image,https://kr.sidiz.com/cdn/shop/files/Img_4_3_5.jpg
t60-air,image,https://kr.sidiz.com/cdn/shop/files/T60_AIR_01_08b654bd-c702-4ce4-849e-1c6f2af33504.jpg
t60-air,image,https://kr.sidiz.com/cdn/shop/files/T60_AIR_02_589a61a9-5f47-4f63-a638-69c55ab30486.jpg
t60-air,image,https://kr.sidiz.com/cdn/shop/files/T60_AIR_m4_8906988f-b15c-4536-ae46-3c570c20c847.jpg
t60-air,image,https://kr.sidiz.com/cdn/shop/files/T60_AIR_m5_d4caf1ea-8629-49e4-afd8-3c698764aee1.jpg
t60-air,image,https://kr.sidiz.com/cdn/shop/files/T60_m1_decdfcfe-975a-4c98-822f-dc3248275ffe.jpg
t60-air,image,https://kr.sidiz.com/cdn/shop/files/WARRANTY_5.jpg
t60-air,poster,https://kr.sidiz.com/cdn/shop/files/preview_images/019050cb79f6485ca8675219a85e85c2.thumbnail.0000000000_small.jpg
t60-air,poster,https://kr.sidiz.com/cdn/shop/files/preview_images/69c4f44846e14dbfb3296cb45aa74e70.thumbnail.0000000000_small.jpg
t60-air,poster,https://kr.sidiz.com/cdn/shop/files/preview_images/6a46fd5f888549198ae82f66f45074d3.thumbnail.0000000000_small.jpg
t60-air,poster,https://kr.sidiz.com/cdn/shop/files/preview_images/6df8581239724055b2ec8f089835e771.thumbnail.0000000000_small.jpg
t60-air,poster,https://kr.sidiz.com/cdn/shop/files/preview_images/7bf60cae55914f0781b68323c16cc1d5.thumbnail.0000000000_small.jpg
t60-air,poster,https://kr.sidiz.com/cdn/shop/files/preview_images/7c581e01be3843129f1487703373da59.thumbnail.0000000000_small.jpg
t60-air,poster,https://kr.sidiz.com/cdn/shop/files/preview_images/858954013b164fbfad7f5670438d6f8d.thumbnail.0000000000_small.jpg
t60-air,poster,https://kr.sidiz.com/cdn/shop/files/preview_images/89581099c5d344daaf424ed8ec856d88.thumbnail.0000000000_small.jpg
t60-air,poster,https://kr.sidiz.com/cdn/shop/files/preview_images/baab5ed500894baf8f24c40be0968d58.thumbnail.0000000000_small.jpg
t60-air,poster,https://kr.sidiz.com/cdn/shop/files/preview_images/ca6e0495fc3c4226aaff6f8ad2662196.thumbnail.0000000000_small.jpg
t60-air,image,https://kr.sidiz.com/cdn/shop/files/shop_pc.jpg
t60-air,video,https://kr.sidiz.com/cdn/shop/videos/c/vp/019050cb79f6485ca8675219a85e85c2/019050cb79f6485ca8675219a85e85c2.HD-1080p-7.2Mbps-57627709.mp4
t60-air,video,https://kr.sidiz.com/cdn/shop/videos/c/vp/69c4f44846e14dbfb3296cb45aa74e70/69c4f44846e14dbfb3296cb45aa74e70.HD-1080p-7.2Mbps-64919463.mp4
t60-air,video,https://kr.sidiz.com/cdn/shop/videos/c/vp/6a46fd5f888549198ae82f66f45074d3/6a46fd5f888549198ae82f66f45074d3.HD-1080p-7.2Mbps-64919636.mp4
t60-air,video,https://kr.sidiz.com/cdn/shop/videos/c/vp/6df8581239724055b2ec8f089835e771/6df8581239724055b2ec8f089835e771.HD-1080p-7.2Mbps-64919466.mp4
t60-air,video,https://kr.sidiz.com/cdn/shop/videos/c/vp/7bf60cae55914f0781b68323c16cc1d5/7bf60cae55914f0781b68323c16cc1d5.HD-1080p-7.2Mbps-64919399.mp4
t60-air,video,https://kr.sidiz.com/cdn/shop/videos/c/vp/7c581e01be3843129f1487703373da59/7c581e01be3843129f1487703373da59.HD-1080p-7.2Mbps-64920462.mp4
t60-air,video,https://kr.sidiz.com/cdn/shop/videos/c/vp/858954013b164fbfad7f5670438d6f8d/858954013b164fbfad7f5670438d6f8d.HD-1080p-7.2Mbps-64919396.mp4
t60-air,video,https://kr.sidiz.com/cdn/shop/videos/c/vp/89581099c5d344daaf424ed8ec856d88/89581099c5d344daaf424ed8ec856d88.HD-1080p-7.2Mbps-64930428.mp4
t60-air,video,https://kr.sidiz.com/cdn/shop/videos/c/vp/baab5ed500894baf8f24c40be0968d58/baab5ed500894baf8f24c40be0968d58.HD-1080p-7.2Mbps-64930442.mp4
t60-air,video,https://kr.sidiz.com/cdn/shop/videos/c/vp/ca6e0495fc3c4226aaff6f8ad2662196/ca6e0495fc3c4226aaff6f8ad2662196.HD-1080p-7.2Mbps-64930494.mp4
t60,image,https://kr.sidiz.com/cdn/shop/files/1_073ffb27-370e-4047-a14c-bbb305781729.jpg
t60,image,https://kr.sidiz.com/cdn/shop/files/2_75606642-c942-4377-a106-28c392a23764.jpg
t60,image,https://kr.sidiz.com/cdn/shop/files/65ca39dbc012e5295e685b25700d0384.jpg
t60,image,https://kr.sidiz.com/cdn/shop/files/FIT_1.jpg
t60,image,https://kr.sidiz.com/cdn/shop/files/FIT_2.jpg
t60,image,https://kr.sidiz.com/cdn/shop/files/FIT_3.jpg
t60,image,https://kr.sidiz.com/cdn/shop/files/FIT_4.jpg
t60,image,https://kr.sidiz.com/cdn/shop/files/Head_55475f12-39a1-417e-902a-b8633cd023a9.jpg
t60,image,https://kr.sidiz.com/cdn/shop/files/Img3_1a455ad4-adab-468d-9c31-2807c8ec5e59.jpg
t60,image,https://kr.sidiz.com/cdn/shop/files/Img_1_1_2.jpg
t60,image,https://kr.sidiz.com/cdn/shop/files/Img_1_1_572cfccb-8de5-4541-beb8-cfc09915fcf6.jpg
t60,image,https://kr.sidiz.com/cdn/shop/files/Img_4_3_3.jpg
t60,image,https://kr.sidiz.com/cdn/shop/files/Img_4_3_4.jpg
t60,image,https://kr.sidiz.com/cdn/shop/files/Img_4_3_5.jpg
t60,image,https://kr.sidiz.com/cdn/shop/files/T60_01_0531f2bf-4a50-47b4-91e7-b6cd8e3c7d25.jpg
t60,image,https://kr.sidiz.com/cdn/shop/files/T60_02_e0d9944b-40d6-447b-bac8-204535b3122a.jpg
t60,image,https://kr.sidiz.com/cdn/shop/files/T60_m1_decdfcfe-975a-4c98-822f-dc3248275ffe.jpg
t60,image,https://kr.sidiz.com/cdn/shop/files/WARRANTY_5.jpg
t60,poster,https://kr.sidiz.com/cdn/shop/files/preview_images/4547afad6e9e4c1a9fb33397a2db4901.thumbnail.0000000000_small.jpg
t60,poster,https://kr.sidiz.com/cdn/shop/files/preview_images/69c4f44846e14dbfb3296cb45aa74e70.thumbnail.0000000000_small.jpg
t60,poster,https://kr.sidiz.com/cdn/shop/files/preview_images/6a46fd5f888549198ae82f66f45074d3.thumbnail.0000000000_small.jpg
t60,poster,https://kr.sidiz.com/cdn/shop/files/preview_images/6df8581239724055b2ec8f089835e771.thumbnail.0000000000_small.jpg
t60,poster,https://kr.sidiz.com/cdn/shop/files/preview_images/858954013b164fbfad7f5670438d6f8d.thumbnail.0000000000_small.jpg
t60,poster,https://kr.sidiz.com/cdn/shop/files/preview_images/89581099c5d344daaf424ed8ec856d88.thumbnail.0000000000_small.jpg
t60,poster,https://kr.sidiz.com/cdn/shop/files/preview_images/ca6e0495fc3c4226aaff6f8ad2662196.thumbnail.0000000000_small.jpg
t60,image,https://kr.sidiz.com/cdn/shop/files/shop_pc.jpg
t60,video,https://kr.sidiz.com/cdn/shop/videos/c/vp/4547afad6e9e4c1a9fb33397a2db4901/4547afad6e9e4c1a9fb33397a2db4901.HD-1080p-7.2Mbps-64930474.mp4
t60,video,https://kr.sidiz.com/cdn/shop/videos/c/vp/69c4f44846e14dbfb3296cb45aa74e70/69c4f44846e14dbfb3296cb45aa74e70.HD-1080p-7.2Mbps-64919463.mp4
t60,video,https://kr.sidiz.com/cdn/shop/videos/c/vp/6a46fd5f888549198ae82f66f45074d3/6a46fd5f888549198ae82f66f45074d3.HD-1080p-7.2Mbps-64919636.mp4
t60,video,https://kr.sidiz.com/cdn/shop/videos/c/vp/6df8581239724055b2ec8f089835e771/6df8581239724055b2ec8f089835e771.HD-1080p-7.2Mbps-64919466.mp4
t60,video,https://kr.sidiz.com/cdn/shop/videos/c/vp/858954013b164fbfad7f5670438d6f8d/858954013b164fbfad7f5670438d6f8d.HD-1080p-7.2Mbps-64919396.mp4
t60,video,https://kr.sidiz.com/cdn/shop/videos/c/vp/89581099c5d344daaf424ed8ec856d88/89581099c5d344daaf424ed8ec856d88.HD-1080p-7.2Mbps-64930428.mp4
t60,video,https://kr.sidiz.com/cdn/shop/videos/c/vp/ca6e0495fc3c4226aaff6f8ad2662196/ca6e0495fc3c4226aaff6f8ad2662196.HD-1080p-7.2Mbps-64930494.mp4
t90,image,"https://kr.sidiz.com/cdn/shop/files/Img1_398fe294-9d06-4c71-ba35-d8b4f34f98cd.jpg,https://kr.sidiz.com/cdn/shop/files/Img1_a817f47c-939a-4320-b9ab-1e39426fb05c.jpg"
t90,image,"https://kr.sidiz.com/cdn/shop/files/Img2_b29ea91c-9b77-4cf5-8583-a4734794251d.jpg,https://kr.sidiz.com/cdn/shop/files/Img2_2595b57b-a72a-415e-a4f8-2f3c573c6fa8.jpg"
t90,image,"https://kr.sidiz.com/cdn/shop/files/Img3_49da20fd-64f4-4bc3-b448-2607b36548f0.jpg,https://kr.sidiz.com/cdn/shop/files/Img3_be03a09e-3f0d-4a81-9fa9-7bb226512347.jpg"
t90,image,https://kr.sidiz.com/cdn/shop/files/T90HLDA2KK_01.jpg
t90,image,https://kr.sidiz.com/cdn/shop/files/T90HLDA2KK_02.jpg
t90,image,https://kr.sidiz.com/cdn/shop/files/T90_1-1_AQUATEX.jpg
t90,image,https://kr.sidiz.com/cdn/shop/files/T90_1-1_leather.jpg
t90,image,https://kr.sidiz.com/cdn/shop/files/T90_FYF_01_cb1091a9-08dc-4187-9996-a30a129a887e.jpg
t90,image,https://kr.sidiz.com/cdn/shop/files/T90_FYF_02_5247389b-d4ad-41e9-8e5b-97981b030bc5.jpg
t90,image,https://kr.sidiz.com/cdn/shop/files/T90_FYF_05.jpg
t90,image,https://kr.sidiz.com/cdn/shop/files/T90__1-1__04.jpg
t90,image,https://kr.sidiz.com/cdn/shop/files/T90__1-1__05.jpg
t90,image,https://kr.sidiz.com/cdn/shop/files/WARRANTY_15.jpg
t90,image,https://kr.sidiz.com/cdn/shop/files/f2518d4c4dc36873528bb2b0de569259.png
t90,image,https://kr.sidiz.com/cdn/shop/files/shop_pc.jpg
t90,image,"https://kr.sidiz.com/cdn/shop/files/sidiz-t90-limitied-palatte-color.jpg,https://kr.sidiz.com/cdn/shop/files/Img2_ea4b0b1c-483b-43a5-a7dc-c0d93f2839da.jpg"
t90,image,"https://kr.sidiz.com/cdn/shop/files/thum_T90_Aquatex___00_2b7d948f-12bf-42ea-b283-2d49b5cb5944.jpg,https://kr.sidiz.com/cdn/shop/files/thum_T90_Aquatex___01_874e83e3-dc86-4bf2-a06a-c9298b887567.jpg,https://kr.sidiz.com/cdn/shop/files/thum_T90_Aquatex___02_83e5be06-8389-4d7e-bf41-b101019e6d2f.jpg,https://kr.sidiz.com/cdn/shop/files/thum_T90_Aquatex___03_4f9d8900-186b-4336-88a0-4ebe701b1c43.jpg,https://kr.sidiz.com/cdn/shop/files/thum_T90_Aquatex___04_ec6bfd2a-efb8-4826-8957-90f75f906037.jpg"
t90,image,"https://kr.sidiz.com/cdn/shop/files/thum_T90_L734AC__00_1b493144-0e67-4f8a-84cc-506276b38efb.jpg,https://kr.sidiz.com/cdn/shop/files/thum_T90_L734AC__01_7db4873d-6f09-4fa5-bc85-19a6b3965b1f.jpg,https://kr.sidiz.com/cdn/shop/files/thum_T90_L734AC__02_e0204b4b-09cb-4e34-b16c-d5c094414b89.jpg,https://kr.sidiz.com/cdn/shop/files/thum_T90_L734AC__03_a68b2e9c-6e34-450d-9f3c-8907651760c6.jpg,https://kr.sidiz.com/cdn/shop/files/thum_T90_L734AC__04_acc1534a-1ec8-4b6f-9a32-ac0802e2f505.jpg"
t90,image,"https://kr.sidiz.com/cdn/shop/files/thum_T90_L734CR__00_f3f9e771-ed94-482a-90e6-6e0007dd5ef5.jpg,https://kr.sidiz.com/cdn/shop/files/thum_T90_L734CR__01_83c42ca8-88b0-4678-9407-42587faf3cf7.jpg,https://kr.sidiz.com/cdn/shop/files/thum_T90_L734CR__02_621530e7-82a7-4eed-af3e-1ebdd4c670ff.jpg,https://kr.sidiz.com/cdn/shop/files/thum_T90_L734CR__03_c318cbe9-e37d-4e7a-adbf-31d8dc1ef06c.jpg,https://kr.sidiz.com/cdn/shop/files/thum_T90_L734CR__04_271efab3-f283-4e0b-a16d-a9df72aa5dad.jpg"
t90,image,"https://kr.sidiz.com/cdn/shop/files/thum_T90_L735LC__00_59a2f4a2-6bb9-40f9-a9de-ba6299fc0cc6.jpg,https://kr.sidiz.com/cdn/shop/files/thum_T90_L735LC__01_fa66a56d-eae5-48ca-a4cd-035843bc4ab3.jpg,https://kr.sidiz.com/cdn/shop/files/thum_T90_L735LC__02_5f46332d-6db1-418c-9f7b-77f642d7eedf.jpg,https://kr.sidiz.com/cdn/shop/files/thum_T90_L735LC__03_9a58f101-db12-4aa4-8758-31baf5e6b922.jpg,https://kr.sidiz.com/cdn/shop/files/thum_T90_L735LC__04_360047be-67a6-4a07-8888-7220734a53d5.jpg"
t90,image,"https://kr.sidiz.com/cdn/shop/files/thum_T90_L738AC__00_f839fc12-fdfa-4a8e-af6d-3c0200b2b0eb.jpg,https://kr.sidiz.com/cdn/shop/files/thum_T90_L738AC__01_2c4778bb-a471-40f0-8c85-d07e1e4c0abb.jpg,https://kr.sidiz.com/cdn/shop/files/thum_T90_L738AC__02_929374e9-b74b-430f-a347-835dee451c99.jpg,https://kr.sidiz.com/cdn/shop/files/thum_T90_L738AC__03_be705d51-47b5-41ee-86b9-fe1cfc98a948.jpg,https://kr.sidiz.com/cdn/shop/files/thum_T90_L738AC__04_cb3308f7-e661-4ebb-8bfe-513cf51ff20e.jpg"
t90,image,"https://kr.sidiz.com/cdn/shop/files/thum_T90_L744AC__00_7f95ccdf-7f0d-4f50-868f-90c8ce9858f3.jpg,https://kr.sidiz.com/cdn/shop/files/thum_T90_L744AC__01_a0ae073b-8ac0-45ee-a6bf-10a6303f3155.jpg,https://kr.sidiz.com/cdn/shop/files/thum_T90_L744AC__02_8b57ee80-41db-48f1-959b-2d2026c627aa.jpg,https://kr.sidiz.com/cdn/shop/files/thum_T90_L744AC__03_d04b3316-f562-4e9f-b931-ac878bc2f61f.jpg,https://kr.sidiz.com/cdn/shop/files/thum_T90_L744AC__04_e94dfab9-062f-4d12-94e8-89c4e984cc86.jpg"
t90,image,"https://kr.sidiz.com/cdn/shop/files/thum_T90_T90HLDA1KK_4B1LMN_00_5fa353f4-3398-4a37-843a-a67954b9025e.jpg,https://kr.sidiz.com/cdn/shop/files/thum_T90_T90HLDA1KK_4B1LMN_01_5c7dd759-b2ae-4645-8e0a-d57b003e6c06.jpg,https://kr.sidiz.com/cdn/shop/files/thum_T90_T90HLDA1KK_4B1LMN_02_d9182688-4af2-4ebc-bd62-b742fec424c1.jpg,https://kr.sidiz.com/cdn/shop/files/thum_T90_T90HLDA1KK_4B1LMN_03_e90bb483-8424-404c-80ab-9f3005907bbc.jpg,https://kr.sidiz.com/cdn/shop/files/thum_T90_T90HLDA1KK_4B1LMN_04_2b0ea236-daa6-4d12-ba0a-cb2994dbdf30.jpg"
t90,image,"https://kr.sidiz.com/cdn/shop/files/thum_T90_T90HLDA1KK_4B6BKM_00_a262fc90-0a87-42eb-98c7-67773473fab9.jpg,https://kr.sidiz.com/cdn/shop/files/thum_T90_T90HLDA1KK_4B6BKM_01_39c48bb3-00fd-4936-95bd-0993115939ed.jpg,https://kr.sidiz.com/cdn/shop/files/thum_T90_T90HLDA1KK_4B6BKM_02_b829aa20-62b7-46cf-849b-35eab66d88a9.jpg,https://kr.sidiz.com/cdn/shop/files/thum_T90_T90HLDA1KK_4B6BKM_03_77baff95-f408-41ca-9120-99b6de264a27.jpg,https://kr.sidiz.com/cdn/shop/files/thum_T90_T90HLDA1KK_4B6BKM_04_115f5811-1d50-4c9e-93b8-e955a29a9398.jpg"
t90,image,"https://kr.sidiz.com/cdn/shop/files/thum_T90_T90HLDA1KK_L941AC_00_52baf25e-75d0-44a6-ab32-2d0e83d5ef96.jpg,https://kr.sidiz.com/cdn/shop/files/thum_T90_T90HLDA1KK_L941AC_01_05952aa3-c003-4307-9a94-0d39e2fb0cbe.jpg,https://kr.sidiz.com/cdn/shop/files/thum_T90_T90HLDA1KK_L941AC_02_f0434eba-cf61-4010-a1a4-7d9df9af47b2.jpg,https://kr.sidiz.com/cdn/shop/files/thum_T90_T90HLDA1KK_L941AC_03_3fb5cde8-a029-4672-a0ee-39cc0f9dc2d1.jpg,https://kr.sidiz.com/cdn/shop/files/thum_T90_T90HLDA1KK_L941AC_04_4ae79155-07eb-4584-8642-1e7284b2c95a.jpg"
t90,image,"https://kr.sidiz.com/cdn/shop/files/thum_T90_T90HLDA1KK_L945AC_00_69f278c1-8606-4a52-82bd-b48cee9a1463.jpg,https://kr.sidiz.com/cdn/shop/files/thum_T90_T90HLDA1KK_L945AC_01_4ec6f143-e80a-47f1-99cb-400b7b74222a.jpg,https://kr.sidiz.com/cdn/shop/files/thum_T90_T90HLDA1KK_L945AC_02_521f988f-575b-4f18-81b4-abc98d902b7a.jpg,https://kr.sidiz.com/cdn/shop/files/thum_T90_T90HLDA1KK_L945AC_03_e216758a-20f2-4726-b7f8-dec11c8cdaae.jpg,https://kr.sidiz.com/cdn/shop/files/thum_T90_T90HLDA1KK_L945AC_04_f364d6a8-58b9-4f51-8658-85ff9ff81741.jpg"
the-p-bag,image,https://kr.sidiz.com/cdn/shop/files/Head_15060548-648e-41fc-9d8c-9e731b761934.jpg
the-p-bag,image,https://kr.sidiz.com/cdn/shop/files/Head_M_ed367a6d-ccdf-40bf-af35-6305df458796.jpg
the-p-bag,image,https://kr.sidiz.com/cdn/shop/files/Img2_224db752-528e-471d-af82-a4689438021a.jpg
the-p-bag,image,https://kr.sidiz.com/cdn/shop/files/Img3_d73536dc-ee81-4817-a01e-7b37c1edf5e7.jpg
the-p-bag,image,https://kr.sidiz.com/cdn/shop/files/Img_6a267143-484a-4a41-af56-73ad0e59b7a6.jpg
the-p-bag,image,https://kr.sidiz.com/cdn/shop/files/Img_8f360215-1535-4f13-9d2b-6ba0e76bda44.jpg
the-p-bag,poster,https://kr.sidiz.com/cdn/shop/files/preview_images/0084afd6a7ab49fc973de9e37f9da8f8.thumbnail.0000000000_small.jpg
the-p-bag,image,https://kr.sidiz.com/cdn/shop/files/sidiz_dimension_THE_PROGRESSIVE_BAG.jpg
the-p-bag,image,https://kr.sidiz.com/cdn/shop/files/unnamed.jpg
the-p-bag,video,https://kr.sidiz.com/cdn/shop/videos/c/vp/0084afd6a7ab49fc973de9e37f9da8f8/0084afd6a7ab49fc973de9e37f9da8f8.HD-1080p-7.2Mbps-58544034.mp4
trevo,image,https://kr.sidiz.com/cdn/shop/files/2_1b836bc7-f129-40e4-bdd6-bc2fa64715b1.png
trevo,image,https://kr.sidiz.com/cdn/shop/files/4_74ebe688-caeb-4f9d-99dc-ecbb22824764.png
trevo,image,https://kr.sidiz.com/cdn/shop/files/5_9a36585e-be44-4c38-b9c7-03a270f0c9e0.png
trevo,image,https://kr.sidiz.com/cdn/shop/files/BLOCK-EGA-NOTICE.jpg
trevo,image,https://kr.sidiz.com/cdn/shop/files/Head_M_aa34ff21-191b-4f91-9b1b-f5906e52d77b.jpg
trevo,image,https://kr.sidiz.com/cdn/shop/files/Img123.jpg
trevo,image,https://kr.sidiz.com/cdn/shop/files/Img124.jpg
trevo,image,https://kr.sidiz.com/cdn/shop/files/Img234.jpg
trevo,image,https://kr.sidiz.com/cdn/shop/files/Img_284dcf6a-68b6-468d-8119-c895202bffa1.jpg
trevo,image,https://kr.sidiz.com/cdn/shop/files/Img_4_3_2_e7de3b2a-cae2-4f12-be29-c67c2973bde0.jpg
trevo,image,https://kr.sidiz.com/cdn/shop/files/Img_4_3_3e565934-0068-4a2c-9987-f3cdd5f4e3fc.jpg
trevo,image,https://kr.sidiz.com/cdn/shop/files/TREVO_01_59eee42a-2dab-4ba7-bb95-8f8c3a72ad17.jpg
trevo,image,https://kr.sidiz.com/cdn/shop/files/TREVO_02_8727acd4-f384-44eb-9e55-09de526cc96f.jpg
trevo,image,https://kr.sidiz.com/cdn/shop/files/TREVO_03-3.jpg
trevo,image,https://kr.sidiz.com/cdn/shop/files/TREVO_03-4.jpg
trevo,image,https://kr.sidiz.com/cdn/shop/files/TREVO_NOTIC.jpg
trevo,image,https://kr.sidiz.com/cdn/shop/files/WARRANTY_5.jpg
trevo,image,https://kr.sidiz.com/cdn/shop/files/b2b3269a8d070feac4c2016984845fd9.png
trevo,poster,https://kr.sidiz.com/cdn/shop/files/preview_images/1a08fa76a636451bb60c8f6c5cdcb63d.thumbnail.0000000000_small.jpg
trevo,poster,https://kr.sidiz.com/cdn/shop/files/preview_images/8920be3d055c4a668ba5a89d990056e2.thumbnail.0000000000_small.jpg
trevo,poster,https://kr.sidiz.com/cdn/shop/files/preview_images/beaa882c3dba421b9bf3c99663dcd067.thumbnail.0000000000_small.jpg
trevo,poster,https://kr.sidiz.com/cdn/shop/files/preview_images/dfcf89ec1ff742cf990dc94311d34a56.thumbnail.0000000000_small.jpg
trevo,poster,https://kr.sidiz.com/cdn/shop/files/preview_images/e2df630f5f7f40d0be6665b095fd7742.thumbnail.0000000000_small.jpg
trevo,poster,https://kr.sidiz.com/cdn/shop/files/preview_images/e75324e3450e4a07a852731e7670ca66.thumbnail.0000000000_small.jpg
trevo,poster,https://kr.sidiz.com/cdn/shop/files/preview_images/fc1d25c9ae6d4284961f0e48904c18e3.thumbnail.0000000000_small.jpg
trevo,image,https://kr.sidiz.com/cdn/shop/files/shop_pc.jpg
trevo,video,https://kr.sidiz.com/cdn/shop/videos/c/vp/1a08fa76a636451bb60c8f6c5cdcb63d/1a08fa76a636451bb60c8f6c5cdcb63d.HD-1080p-4.8Mbps-40945889.mp4
trevo,video,https://kr.sidiz.com/cdn/shop/videos/c/vp/8920be3d055c4a668ba5a89d990056e2/8920be3d055c4a668ba5a89d990056e2.HD-1080p-7.2Mbps-40944855.mp4
trevo,video,https://kr.sidiz.com/cdn/shop/videos/c/vp/beaa882c3dba421b9bf3c99663dcd067/beaa882c3dba421b9bf3c99663dcd067.HD-1080p-7.2Mbps-65182666.mp4
trevo,video,https://kr.sidiz.com/cdn/shop/videos/c/vp/dfcf89ec1ff742cf990dc94311d34a56/dfcf89ec1ff742cf990dc94311d34a56.HD-720p-4.5Mbps-40610319.mp4
trevo,video,https://kr.sidiz.com/cdn/shop/videos/c/vp/e2df630f5f7f40d0be6665b095fd7742/e2df630f5f7f40d0be6665b095fd7742.HD-1080p-7.2Mbps-40610488.mp4
trevo,video,https://kr.sidiz.com/cdn/shop/videos/c/vp/e75324e3450e4a07a852731e7670ca66/e75324e3450e4a07a852731e7670ca66.HD-1080p-7.2Mbps-40945177.mp4
trevo,video,https://kr.sidiz.com/cdn/shop/videos/c/vp/fc1d25c9ae6d4284961f0e48904c18e3/fc1d25c9ae6d4284961f0e48904c18e3.SD-480p-1.5Mbps-40610430.mp4
