handle,title_ko,product_type,vendor,tags,options,variant_count,image_count,price_krw_min,price_krw_max,body_chars,body_korean_chars,published_at,url
gx-re-life,GX Re:LIFE,,SIDIZ,G20HDA0CC1|G20HDA0KK|G20HDA1KK|G20HDA2KK|GX Re:LIFE|RG20HDA2KK|리퍼|리퍼브|리퍼비쉬|리퍼비시|스마트 의자|업무용 의자|쥐엑스|지엑스|하이브리드 퍼포먼스 의자|휴식 의자|휴식용 의자,옵션|색상,4,13,286000,286000,146,105,2026-08-06T10:38:01+09:00,https://kr.sidiz.com/products/gx-re-life
t50-air-2-cover,T50 AIR 2세대 좌판 커버,,SIDIZ,EASY-REPAIR|T50 AIR|T50 에어|T50AIR|T50에어|T53C0KK|사무용 의자|셀프리페어|악세서리|액세서리|에어스킨 메쉬|의자 커버|이지리페어|좌판 커버|좌판커버|통기성,색상,3,1,35000,35000,112,79,2026-07-06T11:51:00+09:00,https://kr.sidiz.com/products/t50-air-2-cover
t50-air-2,T50 AIR 2세대,,SIDIZ,T50|T53HLDA0KK|사무용 의자|사무용의자|시디즈|의자|인체공학|책상 의자|컴퓨터 의자,프레임|색상,3,3,434000,434000,81,61,2026-07-06T11:49:05+09:00,https://kr.sidiz.com/products/t50-air-2
t50-2,T50 2세대,,SIDIZ,T50|T51HLDA0KK|사무용 의자|시디즈|오피스가구|인체공학의자|책상 의자|컴퓨터 의자|편안한의자,프레임|색상,3,3,419000,419000,81,61,2026-07-06T11:48:46+09:00,https://kr.sidiz.com/products/t50-2
t90-re-life,T90 Re:LIFE,,SIDIZ,RT90HLDA2KK|T90HLDA1KK|리라이프|리퍼|리퍼브|리퍼비쉬|리퍼비시|사무실 인테리어|사무용 의자|시디즈 의자|오피스 가구|인체공학 의자|책상 의자|컴퓨터 의자|퍼포먼스공학의자 T90,소재|색상,10,11,805000,1015000,70,50,2026-06-22T15:18:56+09:00,https://kr.sidiz.com/products/t90-re-life
gx-헤드레스트,GX 헤드레스트,,SIDIZ,EASY-REPAIR|G20H0KK|GX 헤드레스트|목 받침|셀프리페어|악세서리|액세서리|운전|이지리페어|자동차|차량 액세서리|편안한 운전|편안함|헤드레스트,색상,4,5,33000,33000,0,0,2026-06-11T15:31:33+09:00,https://kr.sidiz.com/products/gx-헤드레스트
gx-옷걸이,GX 옷걸이,,SIDIZ,EASY-REPAIR|G20X0KK|GX|게이밍의자|셀프리페어|악세사리|악세서리|액세서리|옷걸이|이지리페어|편리한옷걸이,색상,2,2,14000,14000,38,26,2026-05-18T09:28:26+09:00,https://kr.sidiz.com/products/gx-옷걸이
t50-hf-re-life,T50 HF Re:LIFE,,SIDIZ,RVTNE500HF|맞춤형 사무용 의자|옴니버스라이프체어 T50|인체공학 의자|편안한 의자,색상,3,3,209000,209000,81,61,2026-04-24T11:09:57+09:00,https://kr.sidiz.com/products/t50-hf-re-life
ible-아이블-re-life,아이블 Re:LIFE,,SIDIZ,RS60FEGU0KK|RS60SFU0KK|아이블 Re:LIFE|작업 의자|집중력 의자|편안한 의자|학생 의자,옵션|프레임|색상,6,8,139000,146000,76,59,2026-04-20T16:31:53+09:00,https://kr.sidiz.com/products/ible-아이블-re-life
oui,OUI 위 아일랜드 식탁의자,,시디즈,M171EZ|M174E|MN171EZ|MN174E,옵션|프레임|색상,12,12,159000,169000,68,46,2026-03-04T16:27:00+09:00,https://kr.sidiz.com/products/oui
plit-cover,PLIT 플릿 좌판 커버,,시디즈,N10C0KK|N10E0KK,색상,2,2,23000,23000,0,0,2026-02-27T08:58:36+09:00,https://kr.sidiz.com/products/plit-cover
plit,PLIT 플릿 식탁의자,,시디즈,N10E0KK,색상,2,2,105000,105000,99,67,2026-02-27T08:57:48+09:00,https://kr.sidiz.com/products/plit
t50-hlda-re-life,T50 HLDA Re:LIFE,,SIDIZ,RT50HLDA0VK|RVTNE500HLDA|RVTNF500HLDA|t500|VTNE500HLDA|VTNF500HLDA|리라이프|리퍼|리퍼비쉬|리퍼비시|사무용 의자|책상 의자|컴퓨터 의자,프레임|색상,7,8,286000,286000,81,61,2026-02-06T08:20:03+09:00,https://kr.sidiz.com/products/t50-hlda-re-life
t60-air-re-life,T60 AIR Re:LIFE,,SIDIZ,RT61HLDAM0KK|T61HLDAM0KK,프레임|색상,3,4,353000,353000,116,83,2026-02-06T08:17:58+09:00,https://kr.sidiz.com/products/t60-air-re-life
t60-re-life,T60 Re:LIFE,,SIDIZ,RT61HLDAM0KK|T61HLDAM0KK,프레임|색상,3,3,342000,342000,126,85,2026-02-06T08:17:11+09:00,https://kr.sidiz.com/products/t60-re-life
t60-lda,T60 LDA,,SIDIZ,T61LDAM0KK,프레임|색상,1,1,439000,439000,99,66,2026-01-16T16:53:56+09:00,https://kr.sidiz.com/products/t60-lda
muuve,MUUVE 뮤브,,SIDIZ,L10SG0KK|L10SU0KK,옵션|색상,4,4,189000,189000,70,53,2026-01-15T17:46:22+09:00,https://kr.sidiz.com/products/muuve
t80-re-life,T80 Re:LIFE,,SIDIZ,RT80HLDA1KK|T80|T80HLDA1KK|리라이프|리퍼|리퍼브|리퍼비쉬|리퍼비시|사무용 의자|책상 의자|컴퓨터 의자,소재|프레임|색상,6,6,482000,601000,57,41,2026-01-15T08:08:02+09:00,https://kr.sidiz.com/products/t80-re-life
t60-seat,T60 좌판,,SIDIZ,EASY-REPAIR|T61D0KK|셀프리페어|악세서리|액세서리|이지리페어,프레임 색상|색상,3,3,60000,60000,0,0,2026-01-14T15:38:57+09:00,https://kr.sidiz.com/products/t60-seat
t60-t60-air-armpad,T60&T60 AIR 팔걸이 패드,,SIDIZ,EASY-REPAIR|T61AP0KK|셀프리페어|악세서리|액세서리|이지리페어,색상,2,2,21000,21000,0,0,2026-01-14T15:37:29+09:00,https://kr.sidiz.com/products/t60-t60-air-armpad
t60-t60-air-headrest,T60&T60 AIR 헤드레스트,,SIDIZ,EASY-REPAIR|T61H0KK|셀프리페어|악세서리|액세서리|이지리페어,프레임 색상|색상,3,3,37000,37000,0,0,2026-01-14T15:32:57+09:00,https://kr.sidiz.com/products/t60-t60-air-headrest
t60-air-seat,T60 AIR 좌판,,SIDIZ,EASY-REPAIR|T62D0KK|셀프리페어|악세서리|액세서리|이지리페어,프레임 색상|색상,3,3,60000,60000,0,0,2026-01-14T15:30:39+09:00,https://kr.sidiz.com/products/t60-air-seat
gc-pro-게이밍-의자-re-life,GC PRO Re:LIFE 게이밍 의자,,SIDIZ,G10HDA1CC2|G10HDA1KK|G10HDAW1KK|G10HDAWJ1KK|GC 프로|RG10HDA2KK|RG10HDAW2KK|RG10HDAWJ2KK|게이밍 의자|게이밍 체어|리라이프|리퍼|리퍼브|리퍼비쉬|리퍼비시,옵션|색상,6,18,525000,665000,90,61,2026-01-06T11:23:53+09:00,https://kr.sidiz.com/products/gc-pro-게이밍-의자-re-life
t60-air-cover,T60 AIR 좌판 커버,,SIDIZ,EASY-REPAIR|T60 AIR 좌판 커버|T62C0KK|좌판 보호커버|차량좌판커버,색상,3,3,35000,35000,0,0,2025-12-31T09:07:13+09:00,https://kr.sidiz.com/products/t60-air-cover
ringo-gen2,RINGO 링고 2세대,,SIDIZ,S51ACF0VG|S51ACF1VG|링고|어린이 의자|의자|초등학생 의자,색상,3,15,199000,199000,70,53,2025-12-04T11:40:17+09:00,https://kr.sidiz.com/products/ringo-gen2
ringo-2-footrest,링고 2세대 발받침,,SIDIZ,EASY-REPAIR|S51K0VG|S51K1VG|링고 발받침|발받침대|셀프리페어|악세서리|액세서리|이지리페어,색상,1,1,22000,22000,54,39,2025-11-14T16:27:32+09:00,https://kr.sidiz.com/products/ringo-2-footrest
t60-t60-air-hanger,T60&T60 AIR 옷걸이,,SIDIZ,EASY-REPAIR|T61X0KK|셀프리페어|악세서리|액세서리|이지리페어,색상,3,3,16000,16000,39,26,2025-10-28T08:01:00+09:00,https://kr.sidiz.com/products/t60-t60-air-hanger
tottenham-t20,시디즈X토트넘 홋스퍼 T20,,SIDIZ,T21HF0VG|T21HF2VG|Tottenham|토트넘,색상,1,2,259000,259000,29,12,2025-10-14T11:28:32+09:00,https://kr.sidiz.com/products/tottenham-t20
t50-1-headrest,T50&T50 AIR 1세대 헤드레스트,,SIDIZ,EASY-REPAIR|t50 헤드|T50&T50 AIR|T50H0VG|T50H1VG|TNE509H|TNF509H|교체 부품|머리받침대|목받침|사무용자|셀프리페어|시디즈|악세서리|액세서리|이지리페어|헤드레스트,색상,2,2,33000,33000,112,74,2025-10-02T16:09:33+09:00,https://kr.sidiz.com/products/t50-1-headrest
the-p-bag,더 프로그레시브 백,,SIDIZ,PACBAG2507,색상,1,1,15000,15000,145,108,2025-10-01T08:39:15+09:00,https://kr.sidiz.com/products/the-p-bag
multispray-infinity,멀티 스프레이 150ml - INFINITY,,SIDIZ,PACSPRAY,향,1,1,29000,29000,139,101,2025-10-01T08:38:44+09:00,https://kr.sidiz.com/products/multispray-infinity
ringo-2-seat,링고 2세대 좌판,,SIDIZ,EASY-REPAIR|S51D0VG,색상,3,3,37000,37000,46,35,2025-09-19T17:08:39+09:00,https://kr.sidiz.com/products/ringo-2-seat
ringo-2-back,링고 2세대 등판,,SIDIZ,EASY-REPAIR|S51N0VG,색상,3,3,32000,32000,46,35,2025-09-19T17:08:18+09:00,https://kr.sidiz.com/products/ringo-2-back
t60-air,T60 AIR,사무용의자,SIDIZ,T61HLDAM0KK|T62LDAM0KK,옵션|색상,4,5,429000,484000,116,83,2025-09-15T10:13:21+09:00,https://kr.sidiz.com/products/t60-air
t60,T60,사무용의자,SIDIZ,T61HLDAM0KK|T61LDAM0KK|시디즈 의자|인간공학 의자|퍼스널 피팅 체어 T60|허리 편안한 의자,옵션|색상,4,4,439000,469000,126,85,2025-09-15T10:13:06+09:00,https://kr.sidiz.com/products/t60
pacbag2507q,시디즈 더 프로그레시브 백(벌크),,SIDIZ,,Title,1,1,300000,300000,0,0,2025-08-25T16:31:01+09:00,https://kr.sidiz.com/products/pacbag2507q
gx-work,GX,,SIDIZ,G20HDA0CC1|G20HDA0KK|G20HDA1KK|G20HDA2KK|쥐엑스|지엑스,옵션|색상,4,13,389000,389000,146,105,2025-08-13T08:49:47+09:00,https://kr.sidiz.com/products/gx-work
t20-2-seat,T20 2세대 좌판,,SIDIZ,EASY-REPAIR|T21D0VG|T21D1VG|이지리페어,색상,3,4,35000,50000,60,42,2025-07-07T10:11:49+09:00,https://kr.sidiz.com/products/t20-2-seat
mane,MANE 마네 식탁의자,,SIDIZ,M071E|MN021E|다목적 의자|마네|식탁 의자|식탁의자|인테리어 의자,옵션|색상,5,7,70000,149000,45,35,2025-06-25T09:23:54+09:00,https://kr.sidiz.com/products/mane
totteham-fungus,시디즈X토트넘 홋스퍼 펑거스,,SIDIZ,MN130YCC4|토트넘|펑거스,색상,5,5,99000,99000,159,118,2025-06-09T07:55:44+09:00,https://kr.sidiz.com/products/totteham-fungus
tottenham-t20-armpad,시디즈X토트넘 홋스퍼 T20 팔걸이 패드,,SIDIZ,EASY-REPAIR|T21AP0CC1|토트넘|팔걸이패드,옵션|색상,6,6,25000,25000,246,176,2025-06-09T07:54:42+09:00,https://kr.sidiz.com/products/tottenham-t20-armpad
sidiz_tottenham_olly,[한정 수량 소진]시디즈X토트넘 홋스퍼 올리,,SIDIZ,PACPCHACC5|토트넘,색상,2,2,34900,34900,88,65,2025-04-30T09:04:07+09:00,https://kr.sidiz.com/products/sidiz_tottenham_olly
pillo,PILLO 필로,,SIDIZ,M090|좌식의자,옵션|색상,6,6,99000,99000,79,58,2025-04-11T08:48:53+09:00,https://kr.sidiz.com/products/pillo
t50hda,T50 HDA,,SIDIZ,T50HDA0KK|T50HDA0VK|TNE500HDA|TNF500HDA|VTNE500HDA|VTNF500HDA|사무용 의자|책상 의자|컴퓨터 의자,프레임|색상,7,7,359000,359000,81,61,2025-03-28T11:44:23+09:00,https://kr.sidiz.com/products/t50hda
ringo-2-cover,링고 2세대 등/좌판 패브릭 커버,,SIDIZ,EASY-REPAIR|S51ND1KGCC1|S51ND2KG|링고|링고 커버|링고 패브릭 커버|셀프리페어|악세서리|액세서리|이지리페어|좌판커버,색상,3,4,31000,31000,101,74,2025-03-21T11:15:53+09:00,https://kr.sidiz.com/products/ringo-2-cover
t50-1-adjustable-seat,T50 1세대 조절형 좌판,,SIDIZ,EASY-REPAIR|T50 조절형 좌판|T50D0VG|TNE509|사무용 의자 부속|셀프리페어|시디즈 좌판|악세서리|액세서리|이지리페어|좌판 교체,색상,5,5,45000,45000,60,42,2024-12-12T15:38:28+09:00,https://kr.sidiz.com/products/t50-1-adjustable-seat
t20,T20,사무용의자,SIDIZ,T20|T21HF0VG|T21HF1VG|T21HF2VG|tab|기능성 의자|슈퍼노멀체어|슈퍼셀러|작업용 의자|탭플러스,프레임|색상,3,9,239000,239000,73,50,2024-12-10T13:43:09+09:00,https://kr.sidiz.com/products/t20
t50-1-fixed-armrest,T50&T50 AIR 1세대 팔걸이(고정형),,SIDIZ,EASY-REPAIR|T50|T50 AIR|T509FL|T509FR|T50FL0VG|T50FR0VG|교체용품|사무용의자|셀프리페어|악세서리|액세서리|이지리페어|팔걸이,옵션|색상,2,1,20000,20000,70,43,2024-12-10T13:41:29+09:00,https://kr.sidiz.com/products/t50-1-fixed-armrest
t50air-1-cover,T50 AIR 1세대 좌판 커버,,SIDIZ,EASY-REPAIR|T50 에어|T50AIR|T50에어|T529D|셀프리페어|악세서리|액세서리|의자 커버|이지리페어|좌판커버,색상,3,1,32000,32000,112,79,2024-12-06T11:20:36+09:00,https://kr.sidiz.com/products/t50air-1-cover
t50-air,T50 AIR,,SIDIZ,ergonomic 의자|T50 AIR|T50 에어|T50AIR|T50에어|T52HLDA0KK|T52HLDA0VK|VTXA520HLDA|VTXB520HLDA|사무용 의자|책상 의자|컴퓨터 의자|풀 메쉬 의자,프레임|색상,6,6,419000,419000,73,46,2024-12-06T11:20:35+09:00,https://kr.sidiz.com/products/t50-air
t50hf,T50 HF,,SIDIZ,T50HF0VK|TNE500HF|VTNE500HF|사무용 의자|책상 의자|컴퓨터 의자,색상,3,3,309000,309000,81,61,2024-12-05T09:46:24+09:00,https://kr.sidiz.com/products/t50hf
t50,T50 HLDA 풀옵션,,SIDIZ,t500|T50HLDA0VK|VTNE500HLDA|VTNF500HLDA|사무용 의자|책상 의자|컴퓨터 의자,프레임|색상,7,7,389000,389000,81,61,2024-12-05T09:46:23+09:00,https://kr.sidiz.com/products/t50
sitbreak-caster-b,싯브레이크 바퀴 B형,,SIDIZ,EASY-REPAIR|S00V1KG|링고 바퀴|링고바퀴|셀프리페어|악세서리|액세서리|이지리페어|캐스터,색상,1,1,25000,25000,103,72,2024-12-03T15:32:40+09:00,https://kr.sidiz.com/products/sitbreak-caster-b
urethane-caster-b,우레탄 바퀴 B형,,SIDIZ,EASY-REPAIR|S00U1KG|링고 바퀴|링고바퀴|바퀴|셀프리페어|악세서리|액세서리|이지리페어|캐스터,색상,1,1,20000,20000,94,68,2024-12-03T15:32:39+09:00,https://kr.sidiz.com/products/urethane-caster-b
sitbreak-caster-a,싯브레이크 바퀴 A형,,SIDIZ,EASY-REPAIR|T00V1KG|셀프리페어|싯브레이크 바퀴|악세서리|안정적 지원|액세서리|의자 바퀴|이지리페어|캐스터|편안한 착석,색상,2,2,35000,35000,97,70,2024-12-03T15:32:39+09:00,https://kr.sidiz.com/products/sitbreak-caster-a
urethane-caster-a,우레탄 바퀴 A형,,SIDIZ,EASY-REPAIR|T00U1KG|바닥 긁힘 방지|바퀴|바퀴 A형|셀프리페어|소음 방지|악세서리|액세서리|우레탄 바퀴|이동 바퀴|이지리페어|캐스터,색상,2,2,28000,28000,94,68,2024-12-03T15:32:38+09:00,https://kr.sidiz.com/products/urethane-caster-a
trevo-seat,TREVO 트레보 좌판 쿠션 커버,,SIDIZ,EASY-REPAIR|S40D0KK|셀프리페어|악세서리|액세서리|의자 커버|이지리페어|좌판커버|트레보 커버|트레보 쿠션|트레보 쿠션 커버,색상,3,3,29000,29000,114,83,2024-12-03T15:32:08+09:00,https://kr.sidiz.com/products/trevo-seat
trevo,TREVO 트레보,어린이의자,SIDIZ,S40DNE0KK|공부 의자|어린이 의자|트레보|학생용 의자,색상,3,3,145000,145000,100,73,2024-12-03T15:32:07+09:00,https://kr.sidiz.com/products/trevo
glide-b,글라이드 B형,,SIDIZ,EASY-REPAIR|S00G1KG|고정장치|글라이드|링고 바퀴|링고바퀴|바퀴|셀프리페어|악세서리|액세서리|의자용부품|이지리페어,색상,1,1,17000,17000,92,67,2024-12-03T15:32:07+09:00,https://kr.sidiz.com/products/glide-b
glide-a,글라이드 A형,,SIDIZ,EASY-REPAIR|T00G1KG,색상,1,1,17000,17000,92,67,2024-12-03T15:32:06+09:00,https://kr.sidiz.com/products/glide-a
t50-1-hanger,T50&T50 AIR 1세대 옷걸이,,SIDIZ,EASY-REPAIR|T509CH|셀프리페어|악세서리|액세서리|이지리페어,색상,2,2,11000,11000,51,30,2024-12-03T15:31:09+09:00,https://kr.sidiz.com/products/t50-1-hanger
atti-desk,ATTI 아띠 책상,,SIDIZ,K30X1KG|아기 책상|아띠|아띠 책상|아띠세트|유아 책상,색상,1,1,94000,94000,70,50,2024-10-31T19:56:10+09:00,https://kr.sidiz.com/products/atti-desk
atti-chair,ATTI 아띠 의자,유아의자,SIDIZ,K30F1KG|아기 의자|아띠|아띠 의자|아띠세트|유아 의자,색상,3,3,73000,73000,81,60,2024-10-30T16:13:30+09:00,https://kr.sidiz.com/products/atti-chair
button,BUTTON 버튼,,SIDIZ,M801E|M801EY|M803G|M803Y|MN801E|MN801EY|MN803G|MN803Y|다목적 의자|버튼|식탁 의자|식탁의자|인테리어 의자,옵션|옵션-2|색상,20,35,145000,199000,43,33,2024-10-28T17:43:26+09:00,https://kr.sidiz.com/products/button
t55-armpad,T55 팔걸이 패드,,SIDIZ,EASY-REPAIR|T55 팔걸이 패드|T55AP0KG|사무용 의자|셀프리페어|시디즈|악세서리|액세서리|의자 교체용품|이지리페어,색상,1,1,17000,17000,64,45,2024-10-04T16:29:10+09:00,https://kr.sidiz.com/products/t55-armpad
atti-block,아띠 높이 연장 블록,,SIDIZ,EASY-REPAIR|K30XA0KG|셀프리페어|아띠 높이 연장 블록|악세서리|액세서리|이지리페어,색상,1,1,14000,14000,36,26,2024-10-04T16:21:26+09:00,https://kr.sidiz.com/products/atti-block
ringo-1-footrest,링고 1세대 발받침,,SIDIZ,EASY-REPAIR|S50K0VG|링고 발받침|발받침|발받침대|셀프리페어|악세서리|액세서리|이지리페어,색상,1,1,20000,20000,53,38,2024-10-04T16:21:17+09:00,https://kr.sidiz.com/products/ringo-1-footrest
ringo-1-lever,링고 1세대 높이 조절 레버,,SIDIZ,EASY-REPAIR|S50X0VG|링고 높이 조절 레버|링고 높이조절 레버|셀프리페어|악세서리|액세서리|이지리페어,색상,1,1,10000,10000,56,41,2024-10-04T16:21:05+09:00,https://kr.sidiz.com/products/ringo-1-lever
t20-1-armrest,T20 1세대 팔걸이,,SIDIZ,EASY-REPAIR|T20 1세대 팔걸이|T209FR|T20FL0VG|T20FR0VG|사무용 의자 부품|셀프리페어|시디즈 팔걸이 교체|악세서리|액세서리|이지리페어,옵션|색상,4,2,19000,19000,102,72,2024-10-04T16:19:36+09:00,https://kr.sidiz.com/products/t20-1-armrest
t50-1-adjustable-armrest,T50&T50 AIR 1세대 팔걸이(조절형),,SIDIZ,EASY-REPAIR|T50&T50 AIR|T509AL|T509AR|T50AL0VG|T50AR0VG|사무용자용품|셀프리페어|악세서리|액세서리|의자개조|이지리페어|팔걸이,옵션|색상,4,2,28000,28000,69,43,2024-10-04T16:18:51+09:00,https://kr.sidiz.com/products/t50-1-adjustable-armrest
t80-armpad,T80 팔걸이 패드,,SIDIZ,EASY-REPAIR|T80AP0KG|셀프리페어|악세서리|액세서리|이지리페어,색상,2,2,22000,22000,63,45,2024-10-04T16:18:41+09:00,https://kr.sidiz.com/products/t80-armpad
t80-seat,T80 좌판,,SIDIZ,EASY-REPAIR|T80D0KG|셀프리페어|악세서리|액세서리|이지리페어,옵션|색상,3,3,60000,60000,0,0,2024-10-04T16:17:31+09:00,https://kr.sidiz.com/products/t80-seat
ringo-1-seat,링고 1세대 좌판,,SIDIZ,EASY-REPAIR|S509D|S50D0VG|VS509D|링고 등판|셀프리페어|악세서리|액세서리|이지리페어,색상,4,4,30000,35000,97,71,2024-10-04T16:16:50+09:00,https://kr.sidiz.com/products/ringo-1-seat
ringo-1-back,링고 1세대 등판,,SIDIZ,EASY-REPAIR|S50N0VG|VS509N|링고 등판|셀프리페어|악세서리|액세서리|이지리페어,색상,4,5,20000,22000,97,71,2024-10-04T16:16:35+09:00,https://kr.sidiz.com/products/ringo-1-back
t20-1-headrest,T20 1세대 헤드레스트,,SIDIZ,EASY-REPAIR|T20H0VG|VTNB209H|머리받침대|목받침|셀프리페어|악세서리|액세서리|이지리페어,색상,2,2,24000,24000,99,71,2024-10-04T16:16:07+09:00,https://kr.sidiz.com/products/t20-1-headrest
t80-headrest,T80 헤드레스트,,SIDIZ,EASY-REPAIR|T80H0KG|머리받침대|목받침|셀프리페어|악세서리|액세서리|이지리페어,옵션|색상,1,1,35000,35000,104,74,2024-10-04T16:15:21+09:00,https://kr.sidiz.com/products/t80-headrest
molti-chair-leg,몰티 책상의자용 다리,,SIDIZ,EASY-REPAIR|K50X0KG|몰티|몰티 다리|몰티 책상의자용 다리|셀프리페어|악세서리|액세서리|이지리페어,색상,1,1,39000,39000,0,0,2024-10-04T16:11:26+09:00,https://kr.sidiz.com/products/molti-chair-leg
molti-inner-seat,몰티 이너시트,,SIDIZ,EASY-REPAIR|K509N|몰티|몰티 이너시트|셀프리페어|악세서리|액세서리|이지리페어,색상,1,1,99000,99000,136,100,2024-10-04T16:11:00+09:00,https://kr.sidiz.com/products/molti-inner-seat
fungus,FUNGUS 펑거스,,SIDIZ,M130|M130Y|MN130|MN130Y|MN130YCC4|보조 의자|스툴|원형 스툴|펑거스,옵션|프레임|색상,18,28,99000,119000,69,45,2024-10-04T16:10:24+09:00,https://kr.sidiz.com/products/fungus
stepo-footrest,STEPO 스테포,,SIDIZ,SB01F|SB01F1|바른 자세|발받침|발받침대|스테포|스테포 발받침|인체공학|자세교정|편안한 자세,옵션|색상,4,5,54000,72000,106,81,2024-10-04T16:10:11+09:00,https://kr.sidiz.com/products/stepo-footrest
molti,MOLTI 몰티,,SIDIZ,K50HB0KG|K50HC0KG|몰티|아기 의자|이유식 의자|하이체어|헬로베이비 세트,옵션|색상,6,6,279000,399000,111,82,2024-10-04T16:09:57+09:00,https://kr.sidiz.com/products/molti
ible,IBLE 아이블,,SIDIZ,S60FEGU0KK|S60SFG0KK|S60SFU0KK|공부 의자|글라이드 기능|사무용 의자|서울대 의자|서울대의자|수험생 의자|아이블|아이블 의자|집중력 의자|편안한 의자|학생용 의자,옵션|프레임|색상,9,11,189000,199000,76,59,2024-10-04T16:09:31+09:00,https://kr.sidiz.com/products/ible
gx,GX 게이밍 의자,,SIDIZ,G20HDA0CC1|G20HDA0KK|G20HDA1KK|G20HDA2KK|게이밍 의자|게이밍 체어|게이밍체어|게임용 의자|남편 게임의자|데스크 셋업 의자|시디즈 GX|쥐엑스|지엑스|컴퓨터 의자,옵션|색상,4,13,389000,389000,77,56,2024-10-04T16:08:39+09:00,https://kr.sidiz.com/products/gx
gc-pro,GC PRO 게이밍 의자,,SIDIZ,G10HDA1CC2|G10HDA1KK|G10HDA2CC2|G10HDA2KK|G10HDAW1KK|G10HDAW2KK|G10HDAWJ1KK|G10HDAWJ2KK|GC 프로|게이밍 의자|게이밍 체어,옵션|색상,7,9,710000,910000,90,61,2024-10-04T16:08:27+09:00,https://kr.sidiz.com/products/gc-pro
t90,T90,의자,SIDIZ,T90|T90HLDA1KK|T90HLDA2KK|메쉬의자|사무실가구|사무용 의자|사무용의자|시디즈T90|오피스의자|인체공학의자|자세교정의자|장시간사용|책상 의자|천연가죽의자|컴퓨터 의자|퍼포먼스공학의자 T90|퍼포먼스의자|프로그레시브|프리미엄의자|하이엔드의자,소재|색상,11,11,1099000,1390000,70,50,2024-10-04T16:07:31+09:00,https://kr.sidiz.com/products/t90
ega,EGA 에가,,SIDIZ,M20SFU0KK|TN601FE|TN601FEY|TN603FG|TN603FY|다목적 의자|식탁 의자|식탁의자|에가|인테리어 의자,옵션|색상,23,30,189000,213000,53,40,2024-10-04T16:07:07+09:00,https://kr.sidiz.com/products/ega
linie,LINIE 리니에,,SIDIZ,T25|T250F|T250NF|TXNA250F|TXNA250NF|리니에|사무용 의자|책상 의자|컴퓨터 의자,소재|프레임|색상,8,10,269000,269000,78,57,2024-10-04T16:06:53+09:00,https://kr.sidiz.com/products/linie
t80,T80,의자,SIDIZ,T80HLDA1KK|고급 사무용 의자|메모리폼 의자|메쉬 의자|사무용 의자|시디즈 T80|오피스 의자|인체공학 의자|책상 의자|컴퓨터 의자|편안한 의자|하이엔드 의자,소재|프레임|색상,6,6,649000,819000,57,41,2024-10-04T16:05:11+09:00,https://kr.sidiz.com/products/t80
