product_handle,product_title_ko,variant_title_ko,sku,option1,option2,option3,price_krw,compare_at_krw,available,grams
gx-re-life,GX Re:LIFE,GX / 그레이,RG20HDA2KK-4D1BWW,GX,그레이,,286000,409000,False,0
gx-re-life,GX Re:LIFE,GX / 블랙,RG20HDA2KK-4D6BK,GX,블랙,,286000,409000,False,0
gx-re-life,GX Re:LIFE,GX / 카멜레온그레이,RG20HDA2KK-CN9WW,GX,카멜레온그레이,,286000,409000,False,0
gx-re-life,GX Re:LIFE,GX / 카멜레온블랙,RG20HDA2KK-CN9BK,GX,카멜레온블랙,,286000,409000,False,0
t50-air-2-cover,T50 AIR 2세대 좌판 커버,카본블랙,T53C0KK-5F6A,카본블랙,,,35000,0,True,0
t50-air-2-cover,T50 AIR 2세대 좌판 커버,애쉬화이트,T53C0KK-5F1,애쉬화이트,,,35000,0,True,0
t50-air-2-cover,T50 AIR 2세대 좌판 커버,미네랄그레이,T53C0KK-5F1B,미네랄그레이,,,35000,0,True,0
t50-air-2,T50 AIR 2세대,화이트 / 애쉬화이트,T53HLDA0KK-5H1WW,화이트,애쉬화이트,,434000,454000,True,0
t50-air-2,T50 AIR 2세대,블랙 / 카본블랙,T53HLDA0KK-5H6BBK,블랙,카본블랙,,434000,454000,True,0
t50-air-2,T50 AIR 2세대,웜그레이 / 미네랄그레이,T53HLDA0KK-5H1CG,웜그레이,미네랄그레이,,434000,454000,True,0
t50-2,T50 2세대,화이트 / 애쉬화이트,T51HLDA0KK-5F1WW,화이트,애쉬화이트,,419000,439000,True,0
t50-2,T50 2세대,블랙 / 카본블랙,T51HLDA0KK-5F6ABK,블랙,카본블랙,,419000,439000,True,0
t50-2,T50 2세대,웜그레이 / 미네랄그레이,T51HLDA0KK-5F1BG,웜그레이,미네랄그레이,,419000,439000,True,0
t90-re-life,T90 Re:LIFE,더블라셀 / 그레이,RT90HLDA2KK-4B1LMN,더블라셀,그레이,,805000,1150000,True,0
t90-re-life,T90 Re:LIFE,더블라셀 / 블랙,RT90HLDA2KK-4B6BKM,더블라셀,블랙,,805000,1150000,False,0
t90-re-life,T90 Re:LIFE,아쿠아텍스 패브릭 / 크림베이지,RT90HLDA2KK-9I2MNI,아쿠아텍스 패브릭,크림베이지,,840000,1200000,False,0
t90-re-life,T90 Re:LIFE,아쿠아텍스 패브릭 / 그린블랙,RT90HLDA2KK-9I7BKM,아쿠아텍스 패브릭,그린블랙,,840000,1200000,False,0
t90-re-life,T90 Re:LIFE,천연가죽 / 쉐도우그레이,RT90HLDA2KK-L941AC,천연가죽,쉐도우그레이,,1015000,1450000,True,0
t90-re-life,T90 Re:LIFE,천연가죽 / 탠브라운,RT90HLDA2KK-L945AC,천연가죽,탠브라운,,1015000,1450000,False,0
t90-re-life,T90 Re:LIFE,천연가죽 리미티드 팔레트 / 드라이로즈,RT90HLDA2KK-L738AC,천연가죽 리미티드 팔레트,드라이로즈,,1015000,1450000,False,0
t90-re-life,T90 Re:LIFE,천연가죽 리미티드 팔레트 / 데이지옐로우,RT90HLDA2KK-L735LC,천연가죽 리미티드 팔레트,데이지옐로우,,1015000,1450000,True,0
t90-re-life,T90 Re:LIFE,천연가죽 리미티드 팔레트 / 틸블루,RT90HLDA2KK-L734CR,천연가죽 리미티드 팔레트,틸블루,,1015000,1450000,True,0
t90-re-life,T90 Re:LIFE,천연가죽 리미티드 팔레트 / 딥네이비,RT90HLDA2KK-L734AC,천연가죽 리미티드 팔레트,딥네이비,,1015000,1450000,False,0
gx-헤드레스트,GX 헤드레스트,화이트,G20H0KK-4D1BWW,화이트,,,33000,0,True,0
gx-헤드레스트,GX 헤드레스트,블랙,G20H0KK-4D6BK,블랙,,,33000,0,True,0
gx-헤드레스트,GX 헤드레스트,카멜레온화이트,G20H0KK-CN9WW,카멜레온화이트,,,33000,0,True,0
gx-헤드레스트,GX 헤드레스트,카멜레온블랙,G20H0KK-CN9BK,카멜레온블랙,,,33000,0,True,0
gx-옷걸이,GX 옷걸이,화이트,G20X0KK-WW,화이트,,,14000,0,True,0
gx-옷걸이,GX 옷걸이,블랙,G20X0KK-BK,블랙,,,14000,0,True,0
t50-hf-re-life,T50 HF Re:LIFE,웜그레이,RVTNE500HF-451M,웜그레이,,,209000,299000,False,0
t50-hf-re-life,T50 HF Re:LIFE,차콜,RVTNE500HF-456,차콜,,,209000,299000,False,0
t50-hf-re-life,T50 HF Re:LIFE,딥그린,RVTNE500HF-457B,딥그린,,,209000,299000,False,0
ible-아이블-re-life,아이블 Re:LIFE,아이블 / 화이트 / 웜그레이,RS60FEGU0KK-451MWW,아이블,화이트,웜그레이,139000,199000,False,0
ible-아이블-re-life,아이블 Re:LIFE,아이블 / 화이트 / 샌드베이지,RS60FEGU0KK-452NWW,아이블,화이트,샌드베이지,139000,199000,False,0
ible-아이블-re-life,아이블 Re:LIFE,아이블 / 블랙 / 차콜,RS60FEGU0KK-456BK,아이블,블랙,차콜,139000,199000,False,0
ible-아이블-re-life,아이블 Re:LIFE,아이블 높이조절형 / 화이트 / 웜그레이,RS60SFU0KK-451MWW,아이블 높이조절형,화이트,웜그레이,146000,209000,False,0
ible-아이블-re-life,아이블 Re:LIFE,아이블 높이조절형 / 화이트 / 샌드베이지,RS60SFU0KK-452NWW,아이블 높이조절형,화이트,샌드베이지,146000,209000,False,0
ible-아이블-re-life,아이블 Re:LIFE,아이블 높이조절형 / 블랙 / 차콜,RS60SFU0KK-456BK,아이블 높이조절형,블랙,차콜,146000,209000,False,0
oui,OUI 위 아일랜드 식탁의자,550mm/네이키드 / 화이트 / 우드,M171EZ-BW,550mm/네이키드,화이트,우드,159000,169000,True,0
oui,OUI 위 아일랜드 식탁의자,680mm/네이키드 / 화이트 / 우드,M174E-BW,680mm/네이키드,화이트,우드,159000,169000,True,0
oui,OUI 위 아일랜드 식탁의자,550mm/네이키드 / 블랙 / 우드,MN171EZ-BW,550mm/네이키드,블랙,우드,159000,169000,True,0
oui,OUI 위 아일랜드 식탁의자,680mm/네이키드 / 블랙 / 우드,MN174E-BW,680mm/네이키드,블랙,우드,159000,169000,True,0
oui,OUI 위 아일랜드 식탁의자,550mm/패브릭 / 화이트 / 그레이,M171EZ-371LBW,550mm/패브릭,화이트,그레이,169000,179000,True,0
oui,OUI 위 아일랜드 식탁의자,550mm/패브릭 / 화이트 / 베이지,M171EZ-452BW,550mm/패브릭,화이트,베이지,169000,179000,True,0
oui,OUI 위 아일랜드 식탁의자,550mm/패브릭 / 블랙 / 그레이,MN171EZ-371LBW,550mm/패브릭,블랙,그레이,169000,179000,True,0
oui,OUI 위 아일랜드 식탁의자,550mm/패브릭 / 블랙 / 베이지,MN171EZ-452BW,550mm/패브릭,블랙,베이지,169000,179000,True,0
oui,OUI 위 아일랜드 식탁의자,680mm/패브릭 / 화이트 / 그레이,M174E-371LBW,680mm/패브릭,화이트,그레이,169000,179000,False,0
oui,OUI 위 아일랜드 식탁의자,680mm/패브릭 / 화이트 / 베이지,M174E-452BW,680mm/패브릭,화이트,베이지,169000,179000,False,0
oui,OUI 위 아일랜드 식탁의자,680mm/패브릭 / 블랙 / 그레이,MN174E-371LBW,680mm/패브릭,블랙,그레이,169000,179000,False,0
oui,OUI 위 아일랜드 식탁의자,680mm/패브릭 / 블랙 / 베이지,MN174E-452BW,680mm/패브릭,블랙,베이지,169000,179000,False,0
plit-cover,PLIT 플릿 좌판 커버,베이지,N10C0KK-5F2,베이지,,,23000,0,True,0
plit-cover,PLIT 플릿 좌판 커버,더스티그레이,N10C0KK-5F1,더스티그레이,,,23000,0,True,0
plit,PLIT 플릿 식탁의자,베이지,N10E0KK-5F2BG,베이지,,,105000,115000,True,0
plit,PLIT 플릿 식탁의자,화이트,N10E0KK-5F1WW,화이트,,,105000,115000,True,0
t50-hlda-re-life,T50 HLDA Re:LIFE,화이트 / 웜그레이,RT50HLDA0VK-451MWW,화이트,웜그레이,,286000,409000,False,0
t50-hlda-re-life,T50 HLDA Re:LIFE,화이트 / 딥그린,RT50HLDA0VK-457BWW,화이트,딥그린,,286000,409000,False,0
t50-hlda-re-life,T50 HLDA Re:LIFE,화이트 / 아이보리,RT50HLDA0VK-452MWW,화이트,아이보리,,286000,409000,False,0
t50-hlda-re-life,T50 HLDA Re:LIFE,화이트 / 코랄,RT50HLDA0VK-458DWW,화이트,코랄,,286000,409000,False,0
t50-hlda-re-life,T50 HLDA Re:LIFE,블랙 / 웜그레이,RT50HLDA0VK-451MBK,블랙,웜그레이,,286000,409000,False,0
t50-hlda-re-life,T50 HLDA Re:LIFE,블랙 / 차콜,RT50HLDA0VK-456BK,블랙,차콜,,286000,409000,False,0
t50-hlda-re-life,T50 HLDA Re:LIFE,블랙 / 딥그린,RT50HLDA0VK-457BBK,블랙,딥그린,,286000,409000,False,0
t60-air-re-life,T60 AIR Re:LIFE,그레이 / 그레이,RT61HLDAM0KK-5H1ASG,그레이,그레이,,353000,504000,False,0
t60-air-re-life,T60 AIR Re:LIFE,화이트 / 라이트그레이,RT61HLDAM0KK-5H1WW,화이트,라이트그레이,,353000,504000,False,0
t60-air-re-life,T60 AIR Re:LIFE,차콜 / 차콜,RT61HLDAM0KK-5H1BIG,차콜,차콜,,353000,504000,False,0
t60-re-life,T60 Re:LIFE,화이트 / 라이트그레이,RT61HLDAM0KK-5G1BWW,화이트,라이트그레이,,342000,489000,False,0
t60-re-life,T60 Re:LIFE,그레이 / 그레이,RT61HLDAM0KK-5G1CSG,그레이,그레이,,342000,489000,False,0
t60-re-life,T60 Re:LIFE,차콜 / 차콜,RT61HLDAM0KK-5G1DIG,차콜,차콜,,342000,489000,False,0
t60-lda,T60 LDA,화이트 / 라이트그레이,T61LDAM0KK-5G1BWW,화이트,라이트그레이,,439000,459000,True,0
muuve,MUUVE 뮤브,바퀴 / 더스티그레이,L10SU0KK-5F1G,바퀴,더스티그레이,,189000,199000,True,0
muuve,MUUVE 뮤브,바퀴 / 미드그레이,L10SU0KK-5F1ALG,바퀴,미드그레이,,189000,199000,True,0
muuve,MUUVE 뮤브,글라이드 / 더스티그레이,L10SG0KK-5F1G,글라이드,더스티그레이,,189000,199000,True,0
muuve,MUUVE 뮤브,글라이드 / 미드그레이,L10SG0KK-5F1ALG,글라이드,미드그레이,,189000,199000,True,0
t80-re-life,T80 Re:LIFE,메쉬/패브릭 / 블랙 / 차콜,RT80HLDA1KK-456BK,메쉬/패브릭,블랙,차콜,482000,689000,False,0
t80-re-life,T80 Re:LIFE,메쉬/패브릭 / 화이트 / 라이트그레이,RT80HLDA1KK-451NWW,메쉬/패브릭,화이트,라이트그레이,482000,689000,False,0
t80-re-life,T80 Re:LIFE,메쉬/천연가죽 / 블랙 / 블랙,RT80HLDA1KK-L846BK,메쉬/천연가죽,블랙,블랙,556000,794000,False,0
t80-re-life,T80 Re:LIFE,메쉬/천연가죽 / 화이트 / 크림,RT80HLDA1KK-L841LW,메쉬/천연가죽,화이트,크림,556000,794000,False,0
t80-re-life,T80 Re:LIFE,천연가죽 / 블랙 / 블랙,RT80HLDA1KK-L846CR,천연가죽,블랙,블랙,601000,859000,False,0
t80-re-life,T80 Re:LIFE,천연가죽 / 화이트 / 크림,RT80HLDA1KK-L841LC,천연가죽,화이트,크림,601000,859000,False,0
t60-seat,T60 좌판,화이트 / 라이트 그레이,T61D0KK-5G1BWW,화이트,라이트 그레이,,60000,0,True,0
t60-seat,T60 좌판,그레이 / 그레이,T61D0KK-5G1CSG,그레이,그레이,,60000,0,True,0
t60-seat,T60 좌판,차콜 / 차콜,T61D0KK-5G1DIG,차콜,차콜,,60000,0,True,0
t60-t60-air-armpad,T60&T60 AIR 팔걸이 패드,그레이,T61AP0KK-SG,그레이,,,21000,0,True,0
t60-t60-air-armpad,T60&T60 AIR 팔걸이 패드,차콜,T61AP0KK-IG,차콜,,,21000,0,True,0
t60-t60-air-headrest,T60&T60 AIR 헤드레스트,화이트 / 라이트 그레이,T61H0KK-5H1WW,화이트,라이트 그레이,,37000,0,True,0
t60-t60-air-headrest,T60&T60 AIR 헤드레스트,그레이 / 그레이,T61H0KK-5H1ASG,그레이,그레이,,37000,0,True,0
t60-t60-air-headrest,T60&T60 AIR 헤드레스트,차콜 / 차콜,T61H0KK-5H1BIG,차콜,차콜,,37000,0,True,0
t60-air-seat,T60 AIR 좌판,화이트 / 라이트 그레이,T62D0KK-5H1WW,화이트,라이트 그레이,,60000,0,True,0
t60-air-seat,T60 AIR 좌판,그레이 / 그레이,T62D0KK-5H1ASG,그레이,그레이,,60000,0,True,0
t60-air-seat,T60 AIR 좌판,차콜 / 차콜,T62D0KK-5H1BIG,차콜,차콜,,60000,0,True,0
gc-pro-게이밍-의자-re-life,GC PRO Re:LIFE 게이밍 의자,일반형 / 블랙블루,RG10HDA2KK-A446BK,일반형,블랙블루,,525000,750000,False,0
gc-pro-게이밍-의자-re-life,GC PRO Re:LIFE 게이밍 의자,일반형 / 그레이레드,RG10HDA2KK-A441QW,일반형,그레이레드,,525000,750000,False,0
gc-pro-게이밍-의자-re-life,GC PRO Re:LIFE 게이밍 의자,쿨링시트 / 블랙블루,RG10HDAW2KK-A446BK,쿨링시트,블랙블루,,595000,850000,False,0
gc-pro-게이밍-의자-re-life,GC PRO Re:LIFE 게이밍 의자,쿨링시트 / 그레이레드,RG10HDAW2KK-A441QW,쿨링시트,그레이레드,,595000,850000,False,0
gc-pro-게이밍-의자-re-life,GC PRO Re:LIFE 게이밍 의자,쿨링시트/LED / 블랙블루,RG10HDAWJ2KK-A446BK,쿨링시트/LED,블랙블루,,665000,950000,False,0
gc-pro-게이밍-의자-re-life,GC PRO Re:LIFE 게이밍 의자,쿨링시트/LED / 그레이레드,RG10HDAWJ2KK-A441QW,쿨링시트/LED,그레이레드,,665000,950000,False,0
t60-air-cover,T60 AIR 좌판 커버,라이트그레이,T62C0KK-5G1B,라이트그레이,,,35000,0,True,0
t60-air-cover,T60 AIR 좌판 커버,그레이,T62C0KK-5G1C,그레이,,,35000,0,True,0
t60-air-cover,T60 AIR 좌판 커버,차콜,T62C0KK-5G1D,차콜,,,35000,0,True,0
ringo-gen2,RINGO 링고 2세대,그레이쉬베이지,S51ACF1VG-A442BW,그레이쉬베이지,,,199000,209000,True,0
ringo-gen2,RINGO 링고 2세대,그레이쉬그린,S51ACF1VG-A447BW,그레이쉬그린,,,199000,209000,True,0
ringo-gen2,RINGO 링고 2세대,그레이쉬핑크,S51ACF1VG-A443BW,그레이쉬핑크,,,199000,209000,True,0
ringo-2-footrest,링고 2세대 발받침,화이트,S51K1VG-WW,화이트,,,22000,0,True,0
t60-t60-air-hanger,T60&T60 AIR 옷걸이,화이트,T61X0KK-WW,화이트,,,16000,0,True,0
t60-t60-air-hanger,T60&T60 AIR 옷걸이,그레이,T61X0KK-SG,그레이,,,16000,0,True,0
t60-t60-air-hanger,T60&T60 AIR 옷걸이,차콜,T61X0KK-IG,차콜,,,16000,0,True,0
tottenham-t20,시디즈X토트넘 홋스퍼 T20,코커렐,T21HF2VG-TOT1,코커렐,,,259000,260000,False,0
t50-1-headrest,T50&T50 AIR 1세대 헤드레스트,블랙,T50H1VG-BK,블랙,,,33000,0,True,0
t50-1-headrest,T50&T50 AIR 1세대 헤드레스트,화이트,T50H1VG-WW,화이트,,,33000,0,True,0
the-p-bag,더 프로그레시브 백,실버,PACBAG2507-XX,실버,,,15000,0,True,0
multispray-infinity,멀티 스프레이 150ml - INFINITY,INFINITY,PACSPRAY-INFINI,INFINITY,,,29000,0,True,300
ringo-2-seat,링고 2세대 좌판,그레이쉬베이지,S51D0VG-A442B,그레이쉬베이지,,,37000,0,True,0
ringo-2-seat,링고 2세대 좌판,그레이쉬핑크,S51D0VG-A443B,그레이쉬핑크,,,37000,0,True,0
ringo-2-seat,링고 2세대 좌판,그레이쉬그린,S51D0VG-A447B,그레이쉬그린,,,37000,0,True,0
ringo-2-back,링고 2세대 등판,그레이쉬베이지,S51N0VG-A442B,그레이쉬베이지,,,32000,0,True,0
ringo-2-back,링고 2세대 등판,그레이쉬핑크,S51N0VG-A443B,그레이쉬핑크,,,32000,0,True,0
ringo-2-back,링고 2세대 등판,그레이쉬그린,S51N0VG-A447B,그레이쉬그린,,,32000,0,True,0
t60-air,T60 AIR,헤드레스트 O / 그레이,T61HLDAM0KK-5H1ASG,헤드레스트 O,그레이,,484000,504000,True,0
t60-air,T60 AIR,헤드레스트 O / 라이트그레이,T61HLDAM0KK-5H1WW,헤드레스트 O,라이트그레이,,484000,504000,True,0
t60-air,T60 AIR,헤드레스트 O / 차콜,T61HLDAM0KK-5H1BIG,헤드레스트 O,차콜,,484000,504000,True,0
t60-air,T60 AIR,헤드레스트 X / 라이트그레이,T62LDAM0KK-5H1WW,헤드레스트 X,라이트그레이,,429000,0,True,0
t60,T60,헤드레스트 O / 라이트그레이,T61HLDAM0KK-5G1BWW,헤드레스트 O,라이트그레이,,469000,489000,True,0
t60,T60,헤드레스트 O / 그레이,T61HLDAM0KK-5G1CSG,헤드레스트 O,그레이,,469000,489000,True,0
t60,T60,헤드레스트 O / 차콜,T61HLDAM0KK-5G1DIG,헤드레스트 O,차콜,,469000,489000,True,0
t60,T60,헤드레스트 X / 라이트그레이,T61LDAM0KK-5G1BWW,헤드레스트 X,라이트그레이,,439000,459000,True,0
pacbag2507q,시디즈 더 프로그레시브 백(벌크),Default Title,PACBAG2507Q-XX,Default Title,,,300000,0,True,0
gx-work,GX,GX / 그레이,G20HDA2KK-4D1BWW,GX,그레이,,389000,435000,True,0
gx-work,GX,GX / 블랙,G20HDA2KK-4D6BK,GX,블랙,,389000,435000,True,0
gx-work,GX,GX / 카멜레온그레이,G20HDA2KK-CN9WW,GX,카멜레온그레이,,389000,435000,True,0
gx-work,GX,GX / 카멜레온블랙,G20HDA2KK-CN9BK,GX,카멜레온블랙,,389000,435000,True,0
t20-2-seat,T20 2세대 좌판,오프화이트,T21D1VG-5G1,오프화이트,,,50000,0,True,0
t20-2-seat,T20 2세대 좌판,미드그레이,T21D1VG-5G1C,미드그레이,,,35000,0,True,0
t20-2-seat,T20 2세대 좌판,스모크블랙,T21D1VG-5G6,스모크블랙,,,50000,0,True,0
mane,MANE 마네 식탁의자,인조가죽 / 탠브라운,M071E-A845AC,인조가죽,탠브라운,,149000,159000,True,0
mane,MANE 마네 식탁의자,플라스틱 / 코튼블루,MN021E-IBLWW,플라스틱,코튼블루,,70000,77000,True,0
mane,MANE 마네 식탁의자,플라스틱 / 민트그린,MN021E-MGNWW,플라스틱,민트그린,,70000,77000,True,0
mane,MANE 마네 식탁의자,플라스틱 / 로즈핑크,MN021E-RPKWW,플라스틱,로즈핑크,,70000,77000,True,0
mane,MANE 마네 식탁의자,플라스틱 / 스노우화이트,MN021E-WWWWL,플라스틱,스노우화이트,,70000,77000,True,0
totteham-fungus,시디즈X토트넘 홋스퍼 펑거스,스타디움,MN130YCC4-TOT,스타디움,,,99000,143000,True,0
totteham-fungus,시디즈X토트넘 홋스퍼 펑거스,10 MADDISON,MN130YCC4-TOT10M,10 MADDISON,,,99000,143000,True,0
totteham-fungus,시디즈X토트넘 홋스퍼 펑거스,1 VICARIO,MN130YCC4-TOT01V,1 VICARIO,,,99000,143000,True,0
totteham-fungus,시디즈X토트넘 홋스퍼 펑거스,37 VAN DE VEN,MN130YCC4-TOT37V,37 VAN DE VEN,,,99000,143000,True,0
totteham-fungus,시디즈X토트넘 홋스퍼 펑거스,14 GRAY,MN130YCC4-TOT14G,14 GRAY,,,99000,143000,True,0
tottenham-t20-armpad,시디즈X토트넘 홋스퍼 T20 팔걸이 패드,백넘버 / 1 VICARIO,T21AP0CC1-TOT01V,백넘버,1 VICARIO,,25000,0,True,0
tottenham-t20-armpad,시디즈X토트넘 홋스퍼 T20 팔걸이 패드,백넘버 / 10 MADDISON,T21AP0CC1-TOT10M,백넘버,10 MADDISON,,25000,0,True,0
tottenham-t20-armpad,시디즈X토트넘 홋스퍼 T20 팔걸이 패드,백넘버 / 37 VAN DE VEN,T21AP0CC1-TOT37V,백넘버,37 VAN DE VEN,,25000,0,True,0
tottenham-t20-armpad,시디즈X토트넘 홋스퍼 T20 팔걸이 패드,백넘버 / 14 GRAY,T21AP0CC1-TOT14G,백넘버,14 GRAY,,25000,0,False,0
tottenham-t20-armpad,시디즈X토트넘 홋스퍼 T20 팔걸이 패드,코커렐 / 퍼플,T21AP0CC1-TOT3,코커렐,퍼플,,25000,0,True,0
tottenham-t20-armpad,시디즈X토트넘 홋스퍼 T20 팔걸이 패드,코커렐 / 옐로우,T21AP0CC1-TOT4,코커렐,옐로우,,25000,0,True,0
sidiz_tottenham_olly,[한정 수량 소진]시디즈X토트넘 홋스퍼 올리,스퍼스네이비,PACPCHACC5-TOT1,스퍼스네이비,,,34900,39900,True,0
sidiz_tottenham_olly,[한정 수량 소진]시디즈X토트넘 홋스퍼 올리,릴리화이트,PACPCHACC5-TOT2,릴리화이트,,,34900,39900,False,0
pillo,PILLO 필로,패브릭 / 다크그레이,M090-831A,패브릭,다크그레이,,99000,109000,True,0
pillo,PILLO 필로,패브릭 / 베이지,M090-832,패브릭,베이지,,99000,109000,True,0
pillo,PILLO 필로,패브릭 / 만다린오렌지,M090-838,패브릭,만다린오렌지,,99000,109000,True,0
pillo,PILLO 필로,패브릭 / 머스타드,M090-838B,패브릭,머스타드,,99000,109000,True,0
pillo,PILLO 필로,인조가죽 / 다크그레이,M090-A441A,인조가죽,다크그레이,,99000,109000,True,0
pillo,PILLO 필로,인조가죽 / 베이지,M090-A442M,인조가죽,베이지,,99000,109000,True,0
t50hda,T50 HDA,화이트 / 웜그레이,T50HDA0VK-451MWW,화이트,웜그레이,,359000,379000,True,0
t50hda,T50 HDA,화이트 / 딥그린,TNF500HDA-457B,화이트,딥그린,,359000,349000,True,0
t50hda,T50 HDA,화이트 / 아이보리,T50HDA0VK-452MWW,화이트,아이보리,,359000,379000,True,0
t50hda,T50 HDA,화이트 / 코랄,TNF500HDA-458D,화이트,코랄,,359000,349000,True,0
t50hda,T50 HDA,블랙 / 웜그레이,T50HDA0KK-451MBK,블랙,웜그레이,,359000,379000,True,0
t50hda,T50 HDA,블랙 / 차콜,T50HDA0VK-456BK,블랙,차콜,,359000,379000,True,0
t50hda,T50 HDA,블랙 / 딥그린,TNE500HDA-457B,블랙,딥그린,,359000,349000,True,0
ringo-2-cover,링고 2세대 등/좌판 패브릭 커버,더스티그레이,S51ND2KG-5F1,더스티그레이,,,31000,0,True,0
ringo-2-cover,링고 2세대 등/좌판 패브릭 커버,더스티핑크,S51ND2KG-5F3,더스티핑크,,,31000,0,True,0
ringo-2-cover,링고 2세대 등/좌판 패브릭 커버,더스티그린,S51ND2KG-5F7,더스티그린,,,31000,0,True,0
t50-1-adjustable-seat,T50 1세대 조절형 좌판,웜그레이,T50D0VG-451M,웜그레이,,,45000,0,True,0
t50-1-adjustable-seat,T50 1세대 조절형 좌판,아이보리,T50D0VG-452M,아이보리,,,45000,0,True,0
t50-1-adjustable-seat,T50 1세대 조절형 좌판,차콜,T50D0VG-456,차콜,,,45000,0,True,0
t50-1-adjustable-seat,T50 1세대 조절형 좌판,딥그린,T50D0VG-457B,딥그린,,,45000,0,True,0
t50-1-adjustable-seat,T50 1세대 조절형 좌판,코랄,T50D0VG-458D,코랄,,,45000,0,True,0
t20,T20,화이트 / 오프화이트,T21HF2VG-5G1WW,화이트,오프화이트,,239000,269000,True,0
t20,T20,화이트 / 미드그레이,T21HF2VG-5G1CWW,화이트,미드그레이,,239000,269000,True,0
t20,T20,차콜 / 스모크블랙,T21HF2VG-5G6AIG,차콜,스모크블랙,,239000,269000,True,0
t50-1-fixed-armrest,T50&T50 AIR 1세대 팔걸이(고정형),좌 / 블랙,T50FL0VG-BK,좌,블랙,,20000,0,True,0
t50-1-fixed-armrest,T50&T50 AIR 1세대 팔걸이(고정형),우 / 블랙,T50FR0VG-BK,우,블랙,,20000,0,True,0
t50air-1-cover,T50 AIR 1세대 좌판 커버,그레이,T529D-451L,그레이,,,32000,0,True,0
t50air-1-cover,T50 AIR 1세대 좌판 커버,블루,T529D-454B,블루,,,32000,0,True,0
t50air-1-cover,T50 AIR 1세대 좌판 커버,차콜,T529D-456,차콜,,,32000,0,True,0
t50-air,T50 AIR,화이트 / 그레이,T52HLDA0VK-2D1WW,화이트,그레이,,419000,439000,True,0
t50-air,T50 AIR,화이트 / 블루,T52HLDA0VK-2D4WW,화이트,블루,,419000,439000,True,0
t50-air,T50 AIR,화이트 / 블랙,T52HLDA0VK-2D6WW,화이트,블랙,,419000,439000,True,0
t50-air,T50 AIR,블랙 / 그레이,T52HLDA0VK-2D1BK,블랙,그레이,,419000,439000,True,0
t50-air,T50 AIR,블랙 / 블루,T52HLDA0VK-2D4BK,블랙,블루,,419000,439000,True,0
t50-air,T50 AIR,블랙 / 블랙,T52HLDA0VK-2D6BK,블랙,블랙,,419000,439000,True,0
t50hf,T50 HF,웜그레이,T50HF0VK-451MBK,웜그레이,,,309000,329000,True,0
t50hf,T50 HF,차콜,T50HF0VK-456BK,차콜,,,309000,329000,True,0
t50hf,T50 HF,딥그린,T50HF0VK-457BBK,딥그린,,,309000,329000,True,0
t50,T50 HLDA 풀옵션,화이트 / 웜그레이,T50HLDA0VK-451MWW,화이트,웜그레이,,389000,409000,True,0
t50,T50 HLDA 풀옵션,화이트 / 딥그린,T50HLDA0VK-457BWW,화이트,딥그린,,389000,409000,True,0
t50,T50 HLDA 풀옵션,화이트 / 아이보리,T50HLDA0VK-452MWW,화이트,아이보리,,389000,409000,True,0
t50,T50 HLDA 풀옵션,화이트 / 코랄,T50HLDA0VK-458DWW,화이트,코랄,,389000,409000,True,0
t50,T50 HLDA 풀옵션,블랙 / 웜그레이,T50HLDA0VK-451MBK,블랙,웜그레이,,389000,409000,True,0
t50,T50 HLDA 풀옵션,블랙 / 차콜,T50HLDA0VK-456BK,블랙,차콜,,389000,409000,True,0
t50,T50 HLDA 풀옵션,블랙 / 딥그린,T50HLDA0VK-457BBK,블랙,딥그린,,389000,409000,True,0
sitbreak-caster-b,싯브레이크 바퀴 B형,그레이,S00V1KG-SG50,그레이,,,25000,0,True,0
urethane-caster-b,우레탄 바퀴 B형,그레이,S00U1KG-SG50,그레이,,,20000,0,True,0
sitbreak-caster-a,싯브레이크 바퀴 A형,블랙,T00V1KG-BK65,블랙,,,35000,0,True,0
sitbreak-caster-a,싯브레이크 바퀴 A형,그레이,T00V1KG-SG65,그레이,,,35000,0,True,0
urethane-caster-a,우레탄 바퀴 A형,블랙,T00U1KG-BK65,블랙,,,28000,0,True,0
urethane-caster-a,우레탄 바퀴 A형,화이트,T00U1KG-WW65,화이트,,,28000,0,True,0
trevo-seat,TREVO 트레보 좌판 쿠션 커버,더스티그레이,S40D0KK-5F1,더스티그레이,,,29000,0,True,0
trevo-seat,TREVO 트레보 좌판 쿠션 커버,더스티핑크,S40D0KK-5F3,더스티핑크,,,29000,0,True,0
trevo-seat,TREVO 트레보 좌판 쿠션 커버,더스티그린,S40D0KK-5F7,더스티그린,,,29000,0,True,0
trevo,TREVO 트레보,화이트,S40DNE0KK-WW,화이트,,,145000,155000,True,0
trevo,TREVO 트레보,더스티핑크,S40DNE0KK-DSP,더스티핑크,,,145000,155000,True,0
trevo,TREVO 트레보,더스티그린,S40DNE0KK-DSG,더스티그린,,,145000,155000,True,0
glide-b,글라이드 B형,그레이,S00G1KG-SG,그레이,,,17000,0,True,0
glide-a,글라이드 A형,블랙,T00G1KG-BK,블랙,,,17000,0,True,0
t50-1-hanger,T50&T50 AIR 1세대 옷걸이,블랙,T509CH-BK,블랙,,,11000,0,True,0
t50-1-hanger,T50&T50 AIR 1세대 옷걸이,화이트,T509CH-WW,화이트,,,11000,0,True,0
atti-desk,ATTI 아띠 책상,화이트,K30X1KG-WW,화이트,,,94000,99000,True,0
atti-chair,ATTI 아띠 의자,소이밀크,K30F1KG-A441P,소이밀크,,,73000,79000,True,0
atti-chair,ATTI 아띠 의자,멜로우피치,K30F1KG-A443S,멜로우피치,,,73000,79000,True,0
atti-chair,ATTI 아띠 의자,세이지민트,K30F1KG-A444D,세이지민트,,,73000,79000,True,0
button,BUTTON 버튼,높이조절형/글라이드 / 플라스틱 / 블랙,MN803G-BK,높이조절형/글라이드,플라스틱,블랙,165000,175000,True,0
button,BUTTON 버튼,높이조절형/글라이드 / 플라스틱 / 화이트,M803G-WW,높이조절형/글라이드,플라스틱,화이트,165000,175000,True,0
button,BUTTON 버튼,높이조절형/글라이드 / 패브릭 / 화이트/모스그레이,M803G-831,높이조절형/글라이드,패브릭,화이트/모스그레이,195000,205000,True,0
button,BUTTON 버튼,높이조절형/글라이드 / 패브릭 / 블랙/쿨그레이,MN803G-371,높이조절형/글라이드,패브릭,블랙/쿨그레이,195000,205000,True,0
button,BUTTON 버튼,높이조절형/글라이드 / 패브릭 / 블랙/베이지,MN803G-452,높이조절형/글라이드,패브릭,블랙/베이지,195000,205000,True,0
button,BUTTON 버튼,높이조절형/바퀴 / 플라스틱 / 블랙,MN803Y-BK,높이조절형/바퀴,플라스틱,블랙,169000,179000,True,0
button,BUTTON 버튼,높이조절형/바퀴 / 플라스틱 / 화이트,M803Y-WW,높이조절형/바퀴,플라스틱,화이트,169000,179000,True,0
button,BUTTON 버튼,높이조절형/바퀴 / 패브릭 / 화이트/모스그레이,M803Y-831,높이조절형/바퀴,패브릭,화이트/모스그레이,199000,209000,True,0
button,BUTTON 버튼,높이조절형/바퀴 / 패브릭 / 블랙/쿨그레이,MN803Y-371,높이조절형/바퀴,패브릭,블랙/쿨그레이,199000,209000,True,0
button,BUTTON 버튼,높이조절형/바퀴 / 패브릭 / 블랙/베이지,MN803Y-452,높이조절형/바퀴,패브릭,블랙/베이지,199000,209000,True,0
button,BUTTON 버튼,4-LEGS형/바퀴 / 플라스틱 / 블랙,MN801EY-BK,4-LEGS형/바퀴,플라스틱,블랙,149000,159000,True,0
button,BUTTON 버튼,4-LEGS형/바퀴 / 플라스틱 / 화이트,M801EY-WW,4-LEGS형/바퀴,플라스틱,화이트,149000,159000,True,0
button,BUTTON 버튼,4-LEGS형/바퀴 / 패브릭 / 화이트/모스그레이,M801EY-831,4-LEGS형/바퀴,패브릭,화이트/모스그레이,179000,189000,True,0
button,BUTTON 버튼,4-LEGS형/바퀴 / 패브릭 / 블랙/쿨그레이,MN801EY-371,4-LEGS형/바퀴,패브릭,블랙/쿨그레이,179000,189000,True,0
button,BUTTON 버튼,4-LEGS형/바퀴 / 패브릭 / 블랙/베이지,MN801EY-452,4-LEGS형/바퀴,패브릭,블랙/베이지,179000,189000,True,0
button,BUTTON 버튼,4-LEGS형/글라이드 / 플라스틱 / 블랙,MN801E-BK,4-LEGS형/글라이드,플라스틱,블랙,145000,155000,True,0
button,BUTTON 버튼,4-LEGS형/글라이드 / 플라스틱 / 화이트,M801E-WW,4-LEGS형/글라이드,플라스틱,화이트,145000,155000,True,0
button,BUTTON 버튼,4-LEGS형/글라이드 / 패브릭 / 화이트/모스그레이,M801E-831,4-LEGS형/글라이드,패브릭,화이트/모스그레이,175000,185000,True,0
button,BUTTON 버튼,4-LEGS형/글라이드 / 패브릭 / 블랙/쿨그레이,MN801E-371,4-LEGS형/글라이드,패브릭,블랙/쿨그레이,175000,185000,True,0
button,BUTTON 버튼,4-LEGS형/글라이드 / 패브릭 / 블랙/베이지,MN801E-452,4-LEGS형/글라이드,패브릭,블랙/베이지,175000,185000,True,0
t55-armpad,T55 팔걸이 패드,블랙,T55AP0KG-BK,블랙,,,17000,0,True,0
atti-block,아띠 높이 연장 블록,그레이,K30XA0KG-SG,그레이,,,14000,0,True,0
ringo-1-footrest,링고 1세대 발받침,그레이,S50K0VG-SG,그레이,,,20000,0,True,0
ringo-1-lever,링고 1세대 높이 조절 레버,그레이,S50X0VG-XX,그레이,,,10000,0,True,0
t20-1-armrest,T20 1세대 팔걸이,좌 / 블랙,T20FL0VG-BK,좌,블랙,,19000,0,True,0
t20-1-armrest,T20 1세대 팔걸이,좌 / 화이트,T20FL0VG-WW,좌,화이트,,19000,0,True,0
t20-1-armrest,T20 1세대 팔걸이,우 / 블랙,T20FR0VG-BK,우,블랙,,19000,0,True,0
t20-1-armrest,T20 1세대 팔걸이,우 / 화이트,T20FR0VG-WW,우,화이트,,19000,0,True,0
t50-1-adjustable-armrest,T50&T50 AIR 1세대 팔걸이(조절형),좌 / 블랙,T50AL0VG-BK,좌,블랙,,28000,0,True,0
t50-1-adjustable-armrest,T50&T50 AIR 1세대 팔걸이(조절형),좌 / 화이트,T50AL0VG-WW,좌,화이트,,28000,0,True,0
t50-1-adjustable-armrest,T50&T50 AIR 1세대 팔걸이(조절형),우 / 블랙,T50AR0VG-BK,우,블랙,,28000,0,True,0
t50-1-adjustable-armrest,T50&T50 AIR 1세대 팔걸이(조절형),우 / 화이트,T50AR0VG-WW,우,화이트,,28000,0,True,0
t80-armpad,T80 팔걸이 패드,블랙,T80AP0KG-BK,블랙,,,22000,0,True,0
t80-armpad,T80 팔걸이 패드,그레이,T80AP0KG-SG,그레이,,,22000,0,True,0
t80-seat,T80 좌판,패브릭 / 다크그레이,T80D0KG-451AN,패브릭,다크그레이,,60000,0,True,0
t80-seat,T80 좌판,패브릭 / 차콜,T80D0KG-456,패브릭,차콜,,60000,0,True,0
t80-seat,T80 좌판,패브릭 / 라이트그레이,T80D0KG-451N,패브릭,라이트그레이,,60000,0,True,0
ringo-1-seat,링고 1세대 좌판,소이밀크,S50D0VG-A441P,소이밀크,,,35000,0,True,0
ringo-1-seat,링고 1세대 좌판,로지핑크,S50D0VG-A443Q,로지핑크,,,35000,0,True,0
ringo-1-seat,링고 1세대 좌판,라벤더블루,S50D0VG-A444N,라벤더블루,,,35000,0,True,0
ringo-1-seat,링고 1세대 좌판,그린티그린,VS509D-A447A,그린티그린,,,30000,0,True,0
ringo-1-back,링고 1세대 등판,소이밀크,S50N0VG-A441P,소이밀크,,,22000,0,True,0
ringo-1-back,링고 1세대 등판,로지핑크,S50N0VG-A443Q,로지핑크,,,22000,0,True,0
ringo-1-back,링고 1세대 등판,라벤더블루,S50N0VG-A444N,라벤더블루,,,22000,0,True,0
ringo-1-back,링고 1세대 등판,그린티그린,VS509N-A447A,그린티그린,,,20000,0,True,0
t20-1-headrest,T20 1세대 헤드레스트,블랙,T20H0VG-BK,블랙,,,24000,0,True,0
t20-1-headrest,T20 1세대 헤드레스트,화이트,T20H0VG-WW,화이트,,,24000,0,True,0
t80-headrest,T80 헤드레스트,인조가죽 / 블랙,T80H0KG-A096,인조가죽,블랙,,35000,0,True,0
molti-chair-leg,몰티 책상의자용 다리,우드,K50X0KG-BW,우드,,,39000,0,True,0
molti-inner-seat,몰티 이너시트,그레이,K509N-SG,그레이,,,99000,0,True,0
fungus,FUNGUS 펑거스,펑거스 / 블랙 / 워터리블루,M130-454,펑거스,블랙,워터리블루,119000,129000,True,0
fungus,FUNGUS 펑거스,펑거스 / 블랙 / 차콜,M130-456,펑거스,블랙,차콜,119000,129000,True,0
fungus,FUNGUS 펑거스,펑거스 / 블랙 / 브릭오렌지,M130-458,펑거스,블랙,브릭오렌지,119000,129000,True,0
fungus,FUNGUS 펑거스,펑거스 / 화이트 / 그레이,MN130-451L,펑거스,화이트,그레이,119000,129000,True,0
fungus,FUNGUS 펑거스,펑거스 / 화이트 / 블루,MN130-454B,펑거스,화이트,블루,119000,129000,True,0
fungus,FUNGUS 펑거스,펑거스 / 화이트 / 애쉬그린,MN130-457L,펑거스,화이트,애쉬그린,119000,129000,True,0
fungus,FUNGUS 펑거스,펑거스 바퀴형 / 블랙 / 워터리블루,M130Y-454,펑거스 바퀴형,블랙,워터리블루,119000,129000,True,0
fungus,FUNGUS 펑거스,펑거스 바퀴형 / 블랙 / 차콜,M130Y-456,펑거스 바퀴형,블랙,차콜,119000,129000,True,0
fungus,FUNGUS 펑거스,펑거스 바퀴형 / 블랙 / 브릭오렌지,M130Y-458,펑거스 바퀴형,블랙,브릭오렌지,119000,129000,True,0
fungus,FUNGUS 펑거스,펑거스 바퀴형 / 화이트 / 그레이,MN130Y-451L,펑거스 바퀴형,화이트,그레이,119000,129000,True,0
fungus,FUNGUS 펑거스,펑거스 바퀴형 / 화이트 / 블루,MN130Y-454B,펑거스 바퀴형,화이트,블루,119000,129000,True,0
fungus,FUNGUS 펑거스,펑거스 바퀴형 / 화이트 / 애쉬그린,MN130Y-457L,펑거스 바퀴형,화이트,애쉬그린,119000,129000,True,0
fungus,FUNGUS 펑거스,펑거스 바퀴형(토트넘 에디션) / 화이트 / 스타디움,MN130YCC4-TOT,펑거스 바퀴형(토트넘 에디션),화이트,스타디움,99000,143000,True,0
fungus,FUNGUS 펑거스,펑거스 바퀴형(토트넘 에디션) / 화이트 / 7 SON,MN130YCC4-TOT07S,펑거스 바퀴형(토트넘 에디션),화이트,7 SON,99000,143000,False,0
fungus,FUNGUS 펑거스,펑거스 바퀴형(토트넘 에디션) / 화이트 / 10 MADDISON,MN130YCC4-TOT10M,펑거스 바퀴형(토트넘 에디션),화이트,10 MADDISON,99000,143000,True,0
fungus,FUNGUS 펑거스,펑거스 바퀴형(토트넘 에디션) / 화이트 / 1 VICARIO,MN130YCC4-TOT01V,펑거스 바퀴형(토트넘 에디션),화이트,1 VICARIO,99000,143000,True,0
fungus,FUNGUS 펑거스,펑거스 바퀴형(토트넘 에디션) / 화이트 / 37 VAN DE VEN,MN130YCC4-TOT37V,펑거스 바퀴형(토트넘 에디션),화이트,37 VAN DE VEN,99000,143000,True,0
fungus,FUNGUS 펑거스,펑거스 바퀴형(토트넘 에디션) / 화이트 / 14 GRAY,MN130YCC4-TOT14G,펑거스 바퀴형(토트넘 에디션),화이트,14 GRAY,99000,143000,True,0
stepo-footrest,STEPO 스테포,스테포 커버형 / 차콜그레이,SB01F1-3D1,스테포 커버형,차콜그레이,,72000,79000,True,0
stepo-footrest,STEPO 스테포,스테포 커버형 / 베이지,SB01F1-3D2,스테포 커버형,베이지,,72000,79000,True,0
stepo-footrest,STEPO 스테포,스테포 커버형 / 민트그린,SB01F1-3D7,스테포 커버형,민트그린,,72000,79000,True,0
stepo-footrest,STEPO 스테포,스테포 / 그레이,SB01F-MM,스테포,그레이,,54000,60000,True,0
molti,MOLTI 몰티,하이체어 / 소이밀크,K50HC0KG-A441P,하이체어,소이밀크,,279000,289000,True,0
molti,MOLTI 몰티,하이체어 / 코랄핑크,K50HC0KG-A443R,하이체어,코랄핑크,,279000,289000,True,0
molti,MOLTI 몰티,하이체어 / 아보카도그린,K50HC0KG-A447Q,하이체어,아보카도그린,,279000,289000,True,0
molti,MOLTI 몰티,헬로베이비세트 / 소이밀크,K50HB0KG-A441P,헬로베이비세트,소이밀크,,399000,409000,True,0
molti,MOLTI 몰티,헬로베이비세트 / 코랄핑크,K50HB0KG-A443R,헬로베이비세트,코랄핑크,,399000,409000,True,0
molti,MOLTI 몰티,헬로베이비세트 / 아보카도그린,K50HB0KG-A447Q,헬로베이비세트,아보카도그린,,399000,409000,True,0
ible,IBLE 아이블,아이블 / 화이트 / 웜그레이,S60FEGU0KK-451MWW,아이블,화이트,웜그레이,189000,199000,True,0
ible,IBLE 아이블,아이블 / 화이트 / 샌드베이지,S60FEGU0KK-452NWW,아이블,화이트,샌드베이지,189000,199000,True,0
ible,IBLE 아이블,아이블 / 블랙 / 차콜,S60FEGU0KK-456BK,아이블,블랙,차콜,189000,199000,True,0
ible,IBLE 아이블,높이조절형/바퀴 / 화이트 / 웜그레이,S60SFU0KK-451MWW,높이조절형/바퀴,화이트,웜그레이,199000,209000,True,0
ible,IBLE 아이블,높이조절형/바퀴 / 화이트 / 샌드베이지,S60SFU0KK-452NWW,높이조절형/바퀴,화이트,샌드베이지,199000,209000,True,0
ible,IBLE 아이블,높이조절형/바퀴 / 블랙 / 차콜,S60SFU0KK-456BK,높이조절형/바퀴,블랙,차콜,199000,209000,True,0
ible,IBLE 아이블,높이조절형/글라이드 / 화이트 / 웜그레이,S60SFG0KK-451MWW,높이조절형/글라이드,화이트,웜그레이,199000,209000,True,0
ible,IBLE 아이블,높이조절형/글라이드 / 화이트 / 샌드베이지,S60SFG0KK-452NWW,높이조절형/글라이드,화이트,샌드베이지,199000,209000,True,0
ible,IBLE 아이블,높이조절형/글라이드 / 블랙 / 차콜,S60SFG0KK-456BK,높이조절형/글라이드,블랙,차콜,199000,209000,True,0
gx,GX 게이밍 의자,GX / 카멜레온그레이,G20HDA2KK-CN9WW,GX,카멜레온그레이,,389000,435000,True,0
gx,GX 게이밍 의자,GX / 카멜레온블랙,G20HDA2KK-CN9BK,GX,카멜레온블랙,,389000,435000,True,0
gx,GX 게이밍 의자,GX / 그레이,G20HDA2KK-4D1BWW,GX,그레이,,389000,435000,True,0
gx,GX 게이밍 의자,GX / 블랙,G20HDA2KK-4D6BK,GX,블랙,,389000,435000,True,0
gc-pro,GC PRO 게이밍 의자,쿨링시트/LED / 블랙블루,G10HDAWJ2KK-A446BK,쿨링시트/LED,블랙블루,,910000,950000,True,0
gc-pro,GC PRO 게이밍 의자,쿨링시트/LED / 그레이레드,G10HDAWJ2KK-A441QW,쿨링시트/LED,그레이레드,,910000,950000,True,0
gc-pro,GC PRO 게이밍 의자,쿨링시트 / 블랙블루,G10HDAW2KK-A446BK,쿨링시트,블랙블루,,810000,850000,True,0
gc-pro,GC PRO 게이밍 의자,쿨링시트 / 그레이레드,G10HDAW2KK-A441QW,쿨링시트,그레이레드,,810000,850000,True,0
gc-pro,GC PRO 게이밍 의자,일반형 / 블랙블루,G10HDA2KK-A446BK,일반형,블랙블루,,710000,750000,True,0
gc-pro,GC PRO 게이밍 의자,일반형 / 그레이레드,G10HDA2KK-A441QW,일반형,그레이레드,,710000,750000,True,0
gc-pro,GC PRO 게이밍 의자,일반형(토트넘 에디션) / 프레스 컨퍼런스,G10HDA2CC2-TOT7A,일반형(토트넘 에디션),프레스 컨퍼런스,,770000,790000,False,0
t90,T90,천연가죽 / 쉐도우그레이,T90HLDA2KK-L841AC,천연가죽,쉐도우그레이,,1390000,1450000,True,0
t90,T90,천연가죽 / 탠브라운,T90HLDA2KK-L945AC,천연가죽,탠브라운,,1390000,1450000,True,0
t90,T90,아쿠아텍스 패브릭 / 크림베이지,T90HLDA2KK-9I2MNI,아쿠아텍스 패브릭,크림베이지,,1145000,1200000,True,0
t90,T90,아쿠아텍스 패브릭 / 그린블랙,T90HLDA2KK-9I7BKM,아쿠아텍스 패브릭,그린블랙,,1145000,1200000,True,0
t90,T90,더블라셀 / 그레이,T90HLDA2KK-4B1LMN,더블라셀,그레이,,1099000,1150000,True,0
t90,T90,더블라셀 / 블랙,T90HLDA2KK-4B6BKM,더블라셀,블랙,,1099000,1150000,True,0
t90,T90,천연가죽 리미티드 팔레트 / 드라이로즈,T90HLDA2KK-L738AC,천연가죽 리미티드 팔레트,드라이로즈,,1270000,1450000,True,0
t90,T90,천연가죽 리미티드 팔레트 / 데이지옐로우,T90HLDA2KK-L735LC,천연가죽 리미티드 팔레트,데이지옐로우,,1270000,1450000,True,0
t90,T90,천연가죽 리미티드 팔레트 / 그레이시민트,T90HLDA2KK-L744AC,천연가죽 리미티드 팔레트,그레이시민트,,1270000,1450000,True,0
t90,T90,천연가죽 리미티드 팔레트 / 틸블루,T90HLDA2KK-L734CR,천연가죽 리미티드 팔레트,틸블루,,1270000,1450000,True,0
t90,T90,천연가죽 리미티드 팔레트 / 딥네이비,T90HLDA2KK-L734AC,천연가죽 리미티드 팔레트,딥네이비,,1270000,1450000,True,0
ega,EGA 에가,높이조절형/바퀴 / 샌드베이지,TN603FY-452N,높이조절형/바퀴,샌드베이지,,213000,219000,True,0
ega,EGA 에가,높이조절형/바퀴 / 웜그레이,TN603FY-451M,높이조절형/바퀴,웜그레이,,213000,219000,True,0
ega,EGA 에가,높이조절형/바퀴 / 애쉬그린,TN603FY-457L,높이조절형/바퀴,애쉬그린,,213000,219000,True,0
ega,EGA 에가,높이조절형/바퀴 / 코랄,TN603FY-458D,높이조절형/바퀴,코랄,,213000,219000,True,0
ega,EGA 에가,높이조절형/바퀴 / 아이보리(인조가죽),TN603FY-A490L,높이조절형/바퀴,아이보리(인조가죽),,213000,219000,True,0
ega,EGA 에가,높이조절형/글라이드 / 샌드베이지,TN603FG-452N,높이조절형/글라이드,샌드베이지,,209000,215000,True,0
ega,EGA 에가,높이조절형/글라이드 / 웜그레이,TN603FG-451M,높이조절형/글라이드,웜그레이,,209000,215000,True,0
ega,EGA 에가,높이조절형/글라이드 / 애쉬그린,TN603FG-457L,높이조절형/글라이드,애쉬그린,,209000,215000,True,0
ega,EGA 에가,높이조절형/글라이드 / 코랄,TN603FG-458D,높이조절형/글라이드,코랄,,209000,215000,True,0
ega,EGA 에가,높이조절형/글라이드 / 아이보리(인조가죽),TN603FG-A490L,높이조절형/글라이드,아이보리(인조가죽),,209000,215000,True,0
ega,EGA 에가,4-LEGS형/바퀴 / 샌드베이지,TN601FEY-452N,4-LEGS형/바퀴,샌드베이지,,199000,205000,True,0
ega,EGA 에가,4-LEGS형/바퀴 / 웜그레이,TN601FEY-451M,4-LEGS형/바퀴,웜그레이,,199000,205000,True,0
ega,EGA 에가,4-LEGS형/바퀴 / 애쉬그린,TN601FEY-457L,4-LEGS형/바퀴,애쉬그린,,199000,205000,True,0
ega,EGA 에가,4-LEGS형/바퀴 / 코랄,TN601FEY-458D,4-LEGS형/바퀴,코랄,,199000,205000,True,0
ega,EGA 에가,4-LEGS형/바퀴 / 아이보리(인조가죽),TN601FEY-A490L,4-LEGS형/바퀴,아이보리(인조가죽),,199000,205000,True,0
ega,EGA 에가,4-LEGS형/글라이드 / 샌드베이지,TN601FE-452N,4-LEGS형/글라이드,샌드베이지,,195000,199000,True,0
ega,EGA 에가,4-LEGS형/글라이드 / 웜그레이,TN601FE-451M,4-LEGS형/글라이드,웜그레이,,195000,199000,True,0
ega,EGA 에가,4-LEGS형/글라이드 / 애쉬그린,TN601FE-457L,4-LEGS형/글라이드,애쉬그린,,195000,199000,True,0
ega,EGA 에가,4-LEGS형/글라이드 / 코랄,TN601FE-458D,4-LEGS형/글라이드,코랄,,195000,199000,True,0
ega,EGA 에가,4-LEGS형/글라이드 / 아이보리(인조가죽),TN601FE-A490L,4-LEGS형/글라이드,아이보리(인조가죽),,195000,199000,True,0
ega,EGA 에가,에가 데일리 / 샌드베이지,M20SFU0KK-452NWW,에가 데일리,샌드베이지,,189000,199000,True,0
ega,EGA 에가,에가 데일리 / 웜그레이,M20SFU0KK-451MWW,에가 데일리,웜그레이,,189000,199000,True,0
ega,EGA 에가,에가 데일리 / 아이보리(인조가죽),M20SFU0KK-A490LW,에가 데일리,아이보리(인조가죽),,189000,199000,True,0
linie,LINIE 리니에,플렉스 / 화이트 / 웜그레이,TXNA250NF-451M,플렉스,화이트,웜그레이,269000,289000,True,0
linie,LINIE 리니에,플렉스 / 화이트 / 샌드베이지,TXNA250NF-452N,플렉스,화이트,샌드베이지,269000,289000,True,0
linie,LINIE 리니에,플렉스 / 화이트 / 애쉬그린,TXNA250NF-457L,플렉스,화이트,애쉬그린,269000,289000,True,0
linie,LINIE 리니에,플렉스 / 블랙 / 차콜,T250NF-456,플렉스,블랙,차콜,269000,289000,True,0
linie,LINIE 리니에,메쉬 / 화이트 / 웜그레이,TXNA250F-451M,메쉬,화이트,웜그레이,269000,289000,True,0
linie,LINIE 리니에,메쉬 / 화이트 / 샌드베이지,TXNA250F-452N,메쉬,화이트,샌드베이지,269000,289000,True,0
linie,LINIE 리니에,메쉬 / 화이트 / 애쉬그린,TXNA250F-457L,메쉬,화이트,애쉬그린,269000,289000,True,0
linie,LINIE 리니에,메쉬 / 블랙 / 차콜,T250F-456,메쉬,블랙,차콜,269000,289000,True,0
t80,T80,메쉬/패브릭 / 블랙 / 차콜,T80HLDA1KK-456BK,메쉬/패브릭,블랙,차콜,649000,689000,True,0
t80,T80,메쉬/패브릭 / 화이트 / 라이트그레이,T80HLDA1KK-451NWW,메쉬/패브릭,화이트,라이트그레이,649000,689000,True,0
t80,T80,메쉬/천연가죽 / 블랙 / 블랙,T80HLDA1KK-L846BK,메쉬/천연가죽,블랙,블랙,754000,794000,True,0
t80,T80,메쉬/천연가죽 / 화이트 / 크림,T80HLDA1KK-L841LW,메쉬/천연가죽,화이트,크림,754000,794000,True,0
t80,T80,천연가죽 / 블랙 / 블랙,T80HLDA1KK-L846CR,천연가죽,블랙,블랙,819000,859000,True,0
t80,T80,천연가죽 / 화이트 / 크림,T80HLDA1KK-L841LC,천연가죽,화이트,크림,819000,859000,True,0
